"Product ID","Inventory Quantity","Product Cost","Sales Date","Product Category",Promotions,GDP,"Inflation Rate","Seasonal Factor"
1387,25,85.71,2021-09-13,SmartPhones,Yes,24668.89,2.12,1.06
7548,69,72.92,2021-10-23,Electronics,Yes,NULL,NULL,NULL
5349,14,123.35,2018-03-20,SmartPhones,No,19363.94,4.94,0.85
4114,6,144.67,2019-06-06,Electronics,Yes,NULL,NULL,NULL
6409,41,136.04,2021-06-30,Electronics,No,NULL,NULL,NULL
1006,37,49.93,2019-09-15,SmartPhones,No,19417.86,3.70,1.00
3780,11,63.92,2021-09-11,SmartPhones,Yes,NULL,NULL,NULL
4680,26,38.00,2022-07-10,Electronics,Yes,NULL,NULL,NULL
8461,81,119.38,2020-04-28,Laptops,No,NULL,NULL,NULL
2746,55,51.58,2022-05-14,Laptops,Yes,20574.06,4.67,0.85
9976,21,151.29,2020-07-02,Laptops,No,NULL,NULL,NULL
9849,18,38.66,2018-06-15,Laptops,Yes,22064.19,1.26,0.96
9890,54,21.83,2020-08-12,Laptops,No,24048.38,3.34,1.08
7232,1,189.12,2020-09-03,SmartPhones,No,NULL,NULL,NULL
9947,78,180.58,2022-06-27,Laptops,Yes,NULL,NULL,NULL
7624,22,169.70,2022-01-23,Home_Appliances,Yes,24069.29,3.37,1.07
2375,55,35.78,2021-08-09,Laptops,Yes,15502.85,2.52,0.88
6355,98,177.13,2019-11-23,SmartPhones,No,NULL,NULL,NULL
9837,45,52.60,2018-04-17,Electronics,Yes,22542.33,4.80,0.88
1333,20,55.32,2021-06-26,Laptops,Yes,20639.70,1.87,1.08
7043,78,125.38,2018-12-10,Electronics,Yes,NULL,NULL,NULL
6111,87,182.52,2021-03-25,Laptops,No,NULL,NULL,NULL
4978,90,156.77,2018-07-28,Electronics,Yes,18472.04,2.71,0.95
9289,44,12.40,2021-08-19,Laptops,No,16055.39,4.84,1.05
6280,32,167.84,2022-10-11,Electronics,No,23816.31,1.98,0.99
7209,4,103.92,2019-11-20,SmartPhones,Yes,19875.50,2.42,0.90
5581,77,143.22,2022-12-08,SmartPhones,Yes,NULL,NULL,NULL
7625,32,68.18,2021-11-17,SmartPhones,No,20534.73,2.38,1.20
9779,89,45.18,2022-04-10,Home_Appliances,No,NULL,NULL,NULL
1745,71,65.51,2018-04-22,Home_Appliances,No,NULL,NULL,NULL
8843,44,45.03,2020-06-21,Electronics,No,NULL,NULL,NULL
4929,71,24.26,2018-12-22,Electronics,No,19505.04,3.38,0.92
4792,91,63.72,2019-08-14,Laptops,Yes,NULL,NULL,NULL
4241,15,113.47,2020-05-20,Home_Appliances,No,23266.31,1.29,0.87
6039,96,166.61,2021-05-03,SmartPhones,No,NULL,NULL,NULL
5460,70,103.82,2020-10-21,Electronics,Yes,23894.23,3.94,1.04
1423,30,192.76,2018-07-07,Electronics,No,NULL,NULL,NULL
6700,43,71.00,2020-04-16,Electronics,Yes,NULL,NULL,NULL
7561,98,114.52,2022-07-25,Laptops,Yes,18145.17,2.29,1.19
7622,66,166.74,2022-11-07,Electronics,No,19132.48,1.75,0.94
9167,57,154.40,2021-07-04,Home_Appliances,No,NULL,NULL,NULL
8941,4,194.90,2018-09-06,Home_Appliances,Yes,18107.50,1.05,0.96
4681,15,97.68,2022-09-20,Electronics,Yes,NULL,NULL,NULL
5479,62,196.25,2020-04-30,Home_Appliances,No,20512.65,2.53,1.17
9327,18,174.17,2022-03-09,SmartPhones,No,NULL,NULL,NULL
1042,93,66.73,2019-08-03,Laptops,Yes,19465.47,2.94,0.93
1715,96,99.87,2019-10-14,Laptops,No,NULL,NULL,NULL
3492,5,33.99,2020-10-11,SmartPhones,Yes,23741.90,2.76,1.01
7512,11,171.84,2021-08-23,Laptops,No,21267.99,4.55,1.00
9864,80,23.00,2018-03-15,SmartPhones,Yes,NULL,NULL,NULL
2646,22,141.86,2020-06-27,Electronics,Yes,NULL,NULL,NULL
4945,75,37.19,2020-10-16,Laptops,No,NULL,NULL,NULL
8622,87,113.85,2019-08-13,Electronics,No,NULL,NULL,NULL
7951,33,96.80,2021-11-14,SmartPhones,Yes,NULL,NULL,NULL
1803,96,104.38,2021-05-26,SmartPhones,Yes,21070.65,2.41,1.05
5106,97,146.98,2021-10-20,Home_Appliances,Yes,NULL,NULL,NULL
8222,75,79.32,2018-03-10,Home_Appliances,Yes,NULL,NULL,NULL
4289,70,176.53,2018-09-28,SmartPhones,No,NULL,NULL,NULL
8894,38,151.85,2022-07-10,SmartPhones,Yes,NULL,NULL,NULL
4696,87,147.60,2022-10-28,Laptops,No,NULL,NULL,NULL
3024,48,137.84,2020-07-20,SmartPhones,No,NULL,NULL,NULL
5951,53,32.17,2021-08-22,Electronics,Yes,18043.65,2.97,0.84
9807,50,96.19,2018-10-05,Laptops,Yes,NULL,NULL,NULL
7686,5,141.15,2019-07-27,Home_Appliances,No,NULL,NULL,NULL
7018,83,78.15,2021-01-20,Laptops,No,16898.09,1.49,1.14
8450,85,50.30,2018-07-07,Electronics,Yes,NULL,NULL,NULL
4362,98,115.30,2018-05-21,Home_Appliances,Yes,18285.60,1.59,1.16
1046,19,197.63,2019-07-22,SmartPhones,Yes,NULL,NULL,NULL
6869,31,121.88,2022-06-06,Electronics,Yes,NULL,NULL,NULL
2862,9,100.49,2022-03-08,SmartPhones,Yes,19520.05,1.89,1.05
9543,59,132.23,2019-09-10,Electronics,Yes,24985.87,4.39,0.97
2768,92,182.84,2020-10-01,Electronics,Yes,18221.12,1.59,0.85
9984,42,82.37,2021-12-29,SmartPhones,No,NULL,NULL,NULL
2874,84,133.67,2022-10-13,Home_Appliances,No,NULL,NULL,NULL
8430,54,148.63,2020-03-27,SmartPhones,No,NULL,NULL,NULL
8770,12,168.04,2018-05-18,Electronics,No,NULL,NULL,NULL
1842,77,69.37,2019-08-13,Electronics,Yes,NULL,NULL,NULL
6736,72,79.84,2022-09-28,SmartPhones,Yes,NULL,NULL,NULL
1430,85,167.60,2021-06-01,SmartPhones,Yes,16804.16,3.81,0.92
6567,1,44.47,2019-12-20,Home_Appliances,No,15695.85,3.96,1.19
2503,68,50.88,2022-03-09,Laptops,No,NULL,NULL,NULL
8972,86,68.60,2020-12-15,Home_Appliances,No,NULL,NULL,NULL
4460,18,155.19,2022-04-21,SmartPhones,No,NULL,NULL,NULL
3116,69,143.70,2020-02-18,SmartPhones,Yes,18970.71,3.97,0.97
3815,80,97.42,2022-06-30,SmartPhones,Yes,NULL,NULL,NULL
7560,11,85.20,2020-12-09,SmartPhones,No,NULL,NULL,NULL
2868,66,46.84,2020-12-22,SmartPhones,No,22273.79,4.28,1.13
4871,19,58.63,2018-07-30,Home_Appliances,Yes,NULL,NULL,NULL
9095,97,117.11,2020-08-08,Laptops,No,NULL,NULL,NULL
2118,57,129.96,2020-08-18,SmartPhones,Yes,NULL,NULL,NULL
1616,48,168.02,2018-04-27,Electronics,Yes,21150.08,3.03,0.99
1672,74,133.85,2020-07-10,SmartPhones,No,20013.67,4.83,0.98
6626,11,105.86,2022-01-02,Home_Appliances,Yes,NULL,NULL,NULL
9564,21,79.14,2021-06-02,SmartPhones,No,19087.69,2.35,1.04
6482,43,27.96,2018-05-15,Laptops,No,17519.96,4.41,1.19
3463,11,120.72,2019-11-14,Home_Appliances,No,NULL,NULL,NULL
3112,91,188.22,2021-05-03,SmartPhones,No,NULL,NULL,NULL
9624,83,137.39,2018-07-11,SmartPhones,Yes,NULL,NULL,NULL
8967,29,200.00,2019-01-29,Home_Appliances,Yes,NULL,NULL,NULL
9843,95,177.90,2022-09-07,Electronics,No,NULL,NULL,NULL
3527,24,167.96,2018-11-29,Home_Appliances,No,15436.92,2.46,1.09
8277,37,152.95,2021-06-04,Laptops,Yes,NULL,NULL,NULL
8684,25,79.89,2022-09-07,Laptops,No,NULL,NULL,NULL
7859,26,162.24,2018-11-28,Home_Appliances,No,15521.80,2.92,0.95
2680,67,171.72,2021-12-27,SmartPhones,Yes,22631.17,2.09,1.16
3414,56,27.43,2022-08-29,Home_Appliances,No,23846.30,4.72,0.97
7495,48,54.80,2020-10-25,Electronics,No,NULL,NULL,NULL
6493,19,36.14,2022-06-09,SmartPhones,No,21960.72,1.56,1.08
8349,1,182.11,2021-06-14,Electronics,No,NULL,NULL,NULL
9647,15,157.47,2020-05-16,Home_Appliances,No,16218.48,1.95,1.06
8489,15,168.97,2018-05-09,Laptops,Yes,21319.55,3.30,1.09
5772,1,126.81,2020-05-29,Home_Appliances,No,NULL,NULL,NULL
6908,68,113.38,2018-05-19,Electronics,No,NULL,NULL,NULL
7116,96,13.09,2019-06-04,Electronics,No,NULL,NULL,NULL
6447,6,76.94,2018-10-01,SmartPhones,Yes,NULL,NULL,NULL
8840,24,164.18,2021-07-17,Electronics,No,15369.84,1.81,1.12
1686,40,107.92,2019-10-09,Laptops,No,15366.21,3.59,0.91
1783,84,73.07,2022-11-09,Electronics,No,NULL,NULL,NULL
7334,24,104.28,2019-11-26,Laptops,No,24243.10,3.08,1.12
7955,56,124.47,2018-06-11,Home_Appliances,No,18212.11,1.32,1.06
6021,78,146.36,2020-07-02,Home_Appliances,No,NULL,NULL,NULL
6776,56,62.17,2021-06-13,Electronics,Yes,NULL,NULL,NULL
3621,19,171.25,2018-03-05,Laptops,Yes,16262.30,1.94,1.06
6933,73,16.15,2020-02-24,Home_Appliances,No,NULL,NULL,NULL
3255,47,85.63,2020-12-20,SmartPhones,Yes,24605.20,1.10,0.87
9482,72,32.37,2020-03-03,SmartPhones,No,NULL,NULL,NULL
9047,16,35.79,2019-02-14,Electronics,No,16726.56,3.85,1.20
6236,45,144.81,2021-09-29,SmartPhones,No,23513.62,3.85,1.17
3852,47,106.66,2022-06-14,Electronics,Yes,22920.66,1.95,1.00
6912,74,80.09,2021-02-08,Home_Appliances,Yes,NULL,NULL,NULL
8842,53,156.14,2020-12-12,Electronics,Yes,NULL,NULL,NULL
9476,17,176.81,2019-12-07,Home_Appliances,Yes,19326.18,4.64,0.82
3034,20,67.78,2020-11-27,Home_Appliances,No,NULL,NULL,NULL
9501,11,57.62,2019-08-05,SmartPhones,Yes,21250.22,3.46,0.84
5336,27,155.72,2021-08-26,Laptops,Yes,NULL,NULL,NULL
5949,32,162.89,2020-09-16,Laptops,No,19535.44,3.75,0.86
7809,60,48.76,2020-09-18,Home_Appliances,No,NULL,NULL,NULL
6658,17,154.53,2020-03-27,Electronics,No,NULL,NULL,NULL
3308,7,65.14,2018-07-18,Laptops,No,NULL,NULL,NULL
9148,12,189.59,2018-02-17,Laptops,Yes,17151.44,2.41,0.82
9108,84,137.78,2021-05-08,SmartPhones,Yes,23471.72,2.72,1.15
2204,65,95.57,2020-03-02,SmartPhones,Yes,16286.63,1.39,0.95
6555,47,153.44,2021-02-16,Home_Appliances,No,NULL,NULL,NULL
5902,44,106.39,2021-04-30,Laptops,No,19748.93,1.07,0.93
2795,75,68.46,2020-05-03,Electronics,No,NULL,NULL,NULL
4728,7,120.87,2022-01-17,Home_Appliances,No,NULL,NULL,NULL
2800,3,93.80,2019-01-26,Laptops,Yes,NULL,NULL,NULL
8726,95,148.21,2022-11-23,Home_Appliances,Yes,20608.87,4.99,0.99
7173,23,97.34,2019-10-05,SmartPhones,No,21758.69,4.47,1.07
5876,37,143.93,2022-04-29,Laptops,No,NULL,NULL,NULL
5480,16,118.96,2019-08-13,Laptops,No,NULL,NULL,NULL
5758,37,191.51,2018-03-28,Electronics,No,24240.10,3.62,1.10
4505,69,61.52,2019-02-18,SmartPhones,Yes,16092.27,3.96,0.90
1831,68,52.88,2021-10-03,Home_Appliances,Yes,16001.98,2.32,0.99
3252,71,195.80,2018-01-11,Home_Appliances,No,NULL,NULL,NULL
4267,37,71.02,2022-03-29,Electronics,Yes,21522.99,1.93,1.10
1611,54,177.63,2018-12-25,Home_Appliances,Yes,NULL,NULL,NULL
5742,5,11.76,2022-12-01,Electronics,No,17845.62,4.96,1.02
9092,18,171.70,2022-12-27,Laptops,No,NULL,NULL,NULL
8518,33,146.53,2021-08-20,Electronics,No,NULL,NULL,NULL
3303,42,187.81,2020-09-04,Electronics,No,18835.74,2.79,0.91
6400,75,147.35,2019-09-11,Electronics,No,21536.83,3.77,0.82
2936,40,40.35,2020-08-11,SmartPhones,Yes,NULL,NULL,NULL
4618,18,100.85,2019-03-25,Laptops,No,19158.46,3.20,0.99
2838,71,181.55,2018-05-07,Home_Appliances,Yes,NULL,NULL,NULL
4365,75,102.88,2022-01-08,Laptops,Yes,19534.32,3.05,0.98
2196,55,75.46,2018-04-03,Electronics,Yes,NULL,NULL,NULL
7184,11,139.72,2020-02-09,Home_Appliances,No,NULL,NULL,NULL
3086,29,168.62,2022-01-30,Electronics,No,NULL,NULL,NULL
7214,30,57.03,2022-08-14,SmartPhones,Yes,NULL,NULL,NULL
2848,85,89.66,2018-03-07,Electronics,Yes,NULL,NULL,NULL
3295,38,54.49,2020-10-28,SmartPhones,No,NULL,NULL,NULL
6642,86,82.42,2021-08-10,SmartPhones,No,19082.59,2.20,0.87
7824,68,35.48,2021-02-15,Home_Appliances,No,17033.37,3.59,1.17
7079,69,147.67,2018-07-09,Home_Appliances,Yes,NULL,NULL,NULL
2192,98,121.64,2019-01-21,Home_Appliances,No,NULL,NULL,NULL
1251,25,192.79,2019-03-10,Electronics,No,NULL,NULL,NULL
7498,71,71.11,2019-05-06,SmartPhones,No,19662.50,3.59,0.92
6892,64,98.54,2020-11-16,Laptops,No,24143.30,2.48,0.97
5026,71,134.38,2020-10-19,SmartPhones,No,22633.61,2.95,1.09
9037,22,149.23,2020-08-01,SmartPhones,Yes,16399.59,3.19,0.87
9882,8,109.55,2021-08-07,Electronics,Yes,22643.39,2.65,1.14
4791,91,38.70,2018-05-20,Home_Appliances,No,18732.01,3.47,1.07
8916,63,12.99,2021-09-12,Laptops,Yes,NULL,NULL,NULL
5697,65,164.50,2018-02-05,Laptops,Yes,16070.16,1.39,0.86
4144,68,57.96,2021-06-23,SmartPhones,No,22949.36,1.32,1.18
8520,32,198.14,2021-03-03,Home_Appliances,No,NULL,NULL,NULL
8109,43,117.51,2021-08-13,Electronics,Yes,17297.66,4.61,1.08
8790,6,185.59,2019-07-10,SmartPhones,Yes,NULL,NULL,NULL
4394,19,152.93,2021-04-17,Laptops,Yes,NULL,NULL,NULL
7375,70,73.03,2021-10-18,Home_Appliances,Yes,20007.93,4.90,0.82
8161,10,74.71,2019-04-21,Laptops,No,NULL,NULL,NULL
9038,46,115.08,2019-04-13,Laptops,No,16857.38,3.34,0.95
5839,32,145.49,2022-06-23,Electronics,No,16542.21,3.85,1.05
7383,47,30.24,2019-10-11,Electronics,No,19447.36,4.05,0.84
2430,56,95.28,2019-01-19,Laptops,Yes,NULL,NULL,NULL
6315,50,12.34,2022-11-04,Laptops,No,22791.69,3.90,1.02
2036,56,62.43,2018-12-09,SmartPhones,No,22826.67,2.44,1.18
7224,43,93.64,2022-07-05,Laptops,Yes,NULL,NULL,NULL
8848,23,193.27,2019-10-06,SmartPhones,No,22348.74,3.53,1.19
4971,49,63.26,2019-10-30,Laptops,No,NULL,NULL,NULL
2133,53,137.87,2022-08-05,Home_Appliances,No,17420.21,3.63,1.09
7176,58,198.23,2018-06-01,Laptops,No,20343.67,4.69,1.15
7853,5,160.24,2021-01-18,SmartPhones,Yes,16093.69,1.99,1.07
3725,79,18.42,2021-08-18,Laptops,No,24657.17,2.72,0.80
5239,66,151.90,2019-03-31,Home_Appliances,No,18741.20,2.85,1.07
9199,45,199.56,2018-11-05,Laptops,Yes,NULL,NULL,NULL
3321,40,75.18,2019-12-15,Home_Appliances,No,NULL,NULL,NULL
8412,9,67.05,2019-10-16,Electronics,Yes,NULL,NULL,NULL
3692,32,108.04,2022-02-25,Home_Appliances,No,NULL,NULL,NULL
7636,24,45.41,2021-07-13,Laptops,No,NULL,NULL,NULL
8037,1,143.90,2020-03-07,Home_Appliances,No,22523.25,4.23,0.83
2667,69,45.52,2022-06-26,SmartPhones,Yes,NULL,NULL,NULL
9646,41,123.42,2021-08-01,Laptops,Yes,NULL,NULL,NULL
5873,76,26.10,2021-06-12,Home_Appliances,No,16178.62,2.22,0.87
3316,50,89.47,2020-11-12,Home_Appliances,No,19230.39,2.95,1.01
3838,22,103.03,2021-02-10,Home_Appliances,Yes,NULL,NULL,NULL
6882,63,35.94,2018-01-20,Laptops,No,NULL,NULL,NULL
8272,22,25.71,2020-09-27,Electronics,Yes,NULL,NULL,NULL
7010,97,17.91,2021-01-15,Laptops,Yes,NULL,NULL,NULL
4882,95,121.71,2019-03-06,SmartPhones,No,16659.82,1.56,0.88
4390,8,118.31,2022-07-08,SmartPhones,Yes,NULL,NULL,NULL
5380,66,197.24,2022-10-24,Electronics,Yes,NULL,NULL,NULL
5543,84,34.11,2022-11-11,Home_Appliances,Yes,16462.43,2.29,0.90
7434,19,119.71,2020-09-29,SmartPhones,No,18751.72,1.30,1.12
2525,66,152.46,2020-04-05,SmartPhones,No,NULL,NULL,NULL
2526,59,130.62,2022-02-05,SmartPhones,Yes,NULL,NULL,NULL
4470,35,71.34,2020-10-10,SmartPhones,No,NULL,NULL,NULL
6631,98,19.20,2021-10-29,Electronics,No,NULL,NULL,NULL
8479,55,48.44,2018-01-02,Home_Appliances,No,NULL,NULL,NULL
6905,11,80.65,2019-05-28,Home_Appliances,Yes,18963.42,2.22,1.08
4836,84,27.33,2020-05-29,Electronics,Yes,NULL,NULL,NULL
9510,57,11.76,2021-10-24,SmartPhones,Yes,NULL,NULL,NULL
2160,50,26.97,2019-04-14,Electronics,Yes,18133.51,4.52,0.85
3181,87,37.14,2021-08-06,Electronics,Yes,NULL,NULL,NULL
3480,79,140.45,2020-04-23,Home_Appliances,Yes,23965.93,1.56,0.85
7291,55,69.76,2019-12-21,Home_Appliances,Yes,17769.68,1.34,1.02
5668,89,15.10,2022-05-15,SmartPhones,Yes,20177.49,3.04,1.10
5842,7,158.92,2021-08-16,Home_Appliances,No,18858.86,1.96,1.06
2163,2,197.51,2020-12-17,SmartPhones,Yes,18868.38,4.36,0.97
9951,23,154.92,2021-10-30,Electronics,Yes,NULL,NULL,NULL
1990,51,106.26,2022-06-05,Laptops,No,22018.11,1.33,1.01
3501,11,68.88,2019-07-23,Home_Appliances,Yes,NULL,NULL,NULL
1901,86,150.92,2019-09-26,Home_Appliances,Yes,NULL,NULL,NULL
9133,67,108.27,2019-12-12,SmartPhones,Yes,NULL,NULL,NULL
2934,4,73.65,2022-04-29,Laptops,No,NULL,NULL,NULL
2262,59,107.05,2020-10-13,Electronics,No,NULL,NULL,NULL
2685,87,147.33,2021-03-21,Home_Appliances,Yes,15440.38,4.45,0.90
8729,50,184.84,2020-01-16,Home_Appliances,Yes,20528.65,4.66,1.10
7870,42,57.17,2019-04-05,SmartPhones,No,NULL,NULL,NULL
1862,29,162.82,2019-01-03,Electronics,No,NULL,NULL,NULL
6090,12,115.09,2019-11-02,Electronics,No,17006.71,3.26,0.92
4974,48,122.42,2020-08-08,Laptops,Yes,NULL,NULL,NULL
3466,53,14.54,2018-01-14,SmartPhones,Yes,24509.90,1.01,1.06
6038,27,110.66,2018-08-01,Home_Appliances,No,NULL,NULL,NULL
5584,6,185.04,2018-07-10,Laptops,No,NULL,NULL,NULL
9280,82,165.79,2018-10-01,Electronics,Yes,NULL,NULL,NULL
5276,41,185.95,2022-10-09,Laptops,No,18180.58,2.09,0.83
4321,100,156.33,2018-10-06,Electronics,Yes,NULL,NULL,NULL
2978,46,193.28,2021-01-02,Home_Appliances,No,NULL,NULL,NULL
3582,88,67.80,2022-07-12,Electronics,Yes,NULL,NULL,NULL
8408,96,114.52,2021-02-12,Electronics,No,16019.07,4.18,0.85
2010,100,196.69,2022-08-28,Home_Appliances,Yes,23236.73,2.49,1.05
2376,76,59.18,2021-04-07,Electronics,Yes,24971.61,1.79,1.06
3110,43,33.28,2018-07-08,Laptops,Yes,16679.89,3.30,1.13
7471,4,82.72,2020-10-13,Laptops,Yes,NULL,NULL,NULL
8307,20,16.58,2022-12-15,Home_Appliances,No,NULL,NULL,NULL
2437,50,36.07,2019-07-27,Home_Appliances,Yes,NULL,NULL,NULL
7266,92,78.23,2022-05-21,Laptops,No,24126.77,3.01,0.96
3946,41,123.45,2018-02-23,Electronics,No,NULL,NULL,NULL
4813,13,57.09,2018-11-23,Home_Appliances,No,NULL,NULL,NULL
9064,40,43.36,2021-01-15,Electronics,Yes,NULL,NULL,NULL
8831,43,184.40,2018-01-02,Home_Appliances,Yes,NULL,NULL,NULL
6301,3,38.07,2018-05-02,Home_Appliances,Yes,23464.81,4.44,1.18
7120,85,85.16,2021-12-13,Electronics,No,NULL,NULL,NULL
8157,82,192.53,2022-06-10,SmartPhones,Yes,NULL,NULL,NULL
6846,86,121.90,2019-04-03,Home_Appliances,No,18068.23,3.75,0.85
1029,74,84.40,2021-12-08,Electronics,Yes,21023.89,4.68,1.19
4619,73,29.78,2021-08-02,Laptops,Yes,18311.68,1.31,0.94
6234,82,178.21,2018-12-10,Electronics,No,NULL,NULL,NULL
2110,33,159.53,2019-12-19,Electronics,Yes,18859.37,3.93,1.19
7783,49,76.73,2020-10-06,Laptops,Yes,23288.07,4.15,1.03
6600,49,40.57,2018-12-15,Electronics,Yes,18379.51,4.94,1.16
1507,84,41.35,2020-06-02,Laptops,Yes,NULL,NULL,NULL
7705,71,147.19,2021-11-28,SmartPhones,No,NULL,NULL,NULL
9043,7,78.56,2018-11-11,Laptops,Yes,NULL,NULL,NULL
4271,4,49.32,2018-07-18,SmartPhones,Yes,NULL,NULL,NULL
8715,85,60.35,2020-09-28,Laptops,Yes,NULL,NULL,NULL
1731,57,98.36,2019-06-24,Home_Appliances,No,20642.47,1.60,1.08
2584,86,75.32,2018-06-25,Laptops,Yes,NULL,NULL,NULL
7858,88,174.71,2021-01-01,Laptops,Yes,NULL,NULL,NULL
1568,74,181.09,2020-10-25,Home_Appliances,Yes,NULL,NULL,NULL
3738,25,33.98,2019-03-10,Laptops,Yes,NULL,NULL,NULL
3422,77,59.00,2022-09-05,Electronics,Yes,NULL,NULL,NULL
5525,59,184.26,2020-11-30,Electronics,No,16125.19,1.60,1.03
8750,23,62.33,2018-03-18,Home_Appliances,No,15387.83,4.56,0.93
4892,96,100.29,2018-04-11,SmartPhones,No,NULL,NULL,NULL
5593,63,173.06,2022-09-23,Electronics,Yes,NULL,NULL,NULL
6257,94,89.19,2019-07-06,Electronics,Yes,NULL,NULL,NULL
8937,67,174.77,2022-04-05,Electronics,Yes,NULL,NULL,NULL
6904,26,62.06,2021-12-14,Laptops,No,21354.10,1.50,0.81
7102,77,94.76,2020-09-28,Laptops,No,NULL,NULL,NULL
2480,4,83.45,2019-08-07,Home_Appliances,Yes,NULL,NULL,NULL
5408,53,107.52,2021-08-27,Electronics,No,NULL,NULL,NULL
5128,60,67.41,2019-03-23,Laptops,Yes,NULL,NULL,NULL
5529,42,173.68,2021-08-04,SmartPhones,No,16883.60,3.07,0.90
1930,77,86.78,2022-07-08,SmartPhones,Yes,NULL,NULL,NULL
5250,52,83.77,2020-05-07,Electronics,Yes,18431.67,3.85,1.07
3999,43,134.34,2021-10-24,Home_Appliances,No,NULL,NULL,NULL
6428,34,121.26,2020-02-01,Laptops,Yes,NULL,NULL,NULL
2166,25,105.09,2020-08-25,Laptops,No,NULL,NULL,NULL
4281,53,197.57,2019-12-03,Laptops,Yes,NULL,NULL,NULL
8988,81,197.46,2019-11-13,SmartPhones,Yes,15047.14,2.09,1.10
8821,1,17.17,2020-02-25,Home_Appliances,No,NULL,NULL,NULL
9700,3,138.58,2019-01-26,Home_Appliances,Yes,NULL,NULL,NULL
7284,76,68.16,2020-10-27,Electronics,Yes,NULL,NULL,NULL
9587,56,178.72,2019-11-23,Home_Appliances,No,NULL,NULL,NULL
3701,52,13.63,2022-07-21,Home_Appliances,Yes,17111.90,1.09,1.00
3017,92,133.60,2020-01-21,Electronics,No,23765.44,2.02,1.01
1796,7,135.77,2021-05-01,Electronics,Yes,NULL,NULL,NULL
9966,61,143.35,2019-06-02,Home_Appliances,Yes,18011.16,3.65,1.06
5423,78,143.14,2021-06-29,Laptops,Yes,20115.85,3.47,0.91
2741,26,125.71,2020-10-16,SmartPhones,Yes,NULL,NULL,NULL
9980,27,140.76,2020-10-13,Laptops,No,NULL,NULL,NULL
2809,74,137.11,2022-09-07,Home_Appliances,Yes,NULL,NULL,NULL
5192,30,96.78,2021-08-12,SmartPhones,No,19642.77,1.40,0.87
1646,38,78.44,2022-10-12,SmartPhones,No,NULL,NULL,NULL
1751,18,136.04,2018-01-20,Home_Appliances,No,NULL,NULL,NULL
2522,44,44.75,2020-02-03,Laptops,No,24623.10,2.09,0.95
8835,54,133.28,2022-06-27,Home_Appliances,Yes,NULL,NULL,NULL
3611,54,183.13,2018-08-01,Laptops,No,NULL,NULL,NULL
1472,88,177.19,2022-11-02,Home_Appliances,No,NULL,NULL,NULL
1753,34,134.44,2018-05-10,Electronics,Yes,NULL,NULL,NULL
3435,72,179.49,2022-09-15,Electronics,Yes,NULL,NULL,NULL
4648,83,81.94,2021-02-01,Home_Appliances,Yes,19590.95,4.21,0.98
9166,41,32.55,2020-07-04,Laptops,Yes,16026.43,2.65,1.02
1002,12,160.44,2022-08-19,SmartPhones,Yes,21545.96,2.82,0.94
1889,29,170.42,2022-07-31,SmartPhones,No,NULL,NULL,NULL
2596,85,52.13,2022-04-05,SmartPhones,No,NULL,NULL,NULL
9552,90,30.20,2020-02-05,Home_Appliances,No,16404.49,3.87,1.09
2752,79,47.23,2019-06-05,Electronics,No,17155.90,4.30,0.88
6536,97,88.75,2018-08-09,Electronics,No,19573.88,3.36,1.00
9172,68,149.88,2018-01-09,Laptops,No,24243.71,4.12,1.16
3845,17,29.68,2022-02-05,SmartPhones,No,NULL,NULL,NULL
5067,51,193.08,2019-07-15,SmartPhones,No,NULL,NULL,NULL
9393,90,114.08,2019-09-05,SmartPhones,Yes,NULL,NULL,NULL
6657,17,196.45,2021-10-09,Home_Appliances,No,NULL,NULL,NULL
7839,96,179.83,2021-10-12,SmartPhones,No,23083.05,3.09,0.81
2016,38,48.76,2021-11-15,Electronics,No,NULL,NULL,NULL
4675,83,116.64,2022-03-01,Home_Appliances,No,21929.36,1.19,0.95
7825,88,69.40,2022-06-03,Electronics,Yes,22436.70,1.81,1.15
3131,75,170.74,2018-11-26,Electronics,No,19663.31,4.75,0.82
6285,7,157.00,2021-05-07,SmartPhones,No,NULL,NULL,NULL
6207,29,191.83,2020-12-12,Electronics,Yes,NULL,NULL,NULL
4624,28,136.03,2022-12-15,SmartPhones,No,NULL,NULL,NULL
8780,97,196.42,2021-02-23,Electronics,Yes,NULL,NULL,NULL
4994,88,178.28,2018-03-23,Laptops,Yes,NULL,NULL,NULL
9468,99,81.24,2022-08-11,Laptops,No,NULL,NULL,NULL
6434,12,23.92,2018-03-19,Home_Appliances,No,20580.84,3.30,0.89
5237,50,95.71,2020-04-14,Laptops,No,NULL,NULL,NULL
5937,12,63.49,2021-05-27,Laptops,No,NULL,NULL,NULL
9740,18,151.88,2019-03-27,SmartPhones,Yes,17980.57,4.55,1.19
9970,40,49.91,2018-06-24,SmartPhones,Yes,19126.54,3.58,1.01
3637,29,127.21,2019-01-12,SmartPhones,Yes,NULL,NULL,NULL
8982,46,34.36,2019-11-09,Home_Appliances,Yes,17851.37,1.28,0.88
8960,43,127.11,2020-07-11,SmartPhones,Yes,NULL,NULL,NULL
8017,1,69.51,2018-12-12,Home_Appliances,No,17766.80,2.44,1.07
6432,62,97.94,2022-12-03,SmartPhones,No,NULL,NULL,NULL
2343,36,173.16,2022-09-20,Home_Appliances,Yes,NULL,NULL,NULL
2235,65,130.01,2018-02-08,Laptops,Yes,24063.04,3.21,1.02
9842,84,157.29,2020-08-24,SmartPhones,No,NULL,NULL,NULL
5767,60,105.21,2018-10-02,Electronics,No,NULL,NULL,NULL
3717,66,36.67,2022-03-31,Home_Appliances,Yes,NULL,NULL,NULL
3395,94,101.87,2022-02-16,SmartPhones,Yes,NULL,NULL,NULL
7052,6,137.03,2019-04-25,SmartPhones,No,NULL,NULL,NULL
6309,91,194.00,2018-07-31,SmartPhones,No,20786.31,3.28,0.95
7201,76,134.13,2020-01-19,Electronics,No,NULL,NULL,NULL
6781,45,102.50,2022-08-01,Laptops,Yes,20018.37,1.56,0.87
2263,83,63.35,2020-11-19,Home_Appliances,Yes,16573.57,3.41,1.13
4773,43,146.85,2020-04-29,Laptops,No,NULL,NULL,NULL
7732,32,18.20,2018-02-15,Home_Appliances,Yes,NULL,NULL,NULL
1916,34,185.26,2018-12-07,Laptops,Yes,NULL,NULL,NULL
2404,58,125.24,2019-03-20,Laptops,No,16705.67,4.32,1.04
3979,85,107.05,2021-06-30,Home_Appliances,No,NULL,NULL,NULL
7196,17,30.63,2020-02-29,Home_Appliances,No,23265.14,3.42,0.87
1639,69,105.63,2022-12-03,Electronics,Yes,NULL,NULL,NULL
8899,99,82.43,2022-06-06,Electronics,No,NULL,NULL,NULL
2373,77,176.59,2019-08-04,Laptops,No,16890.21,3.84,1.12
9561,67,11.37,2018-08-30,Home_Appliances,No,NULL,NULL,NULL
5155,69,90.48,2019-06-20,SmartPhones,No,24917.99,2.59,0.88
7522,18,172.45,2022-02-15,Electronics,Yes,19465.95,3.80,0.86
4513,52,159.36,2020-11-07,Electronics,Yes,18891.04,3.54,1.12
7296,79,134.67,2020-03-31,SmartPhones,Yes,NULL,NULL,NULL
8192,26,171.61,2018-01-22,SmartPhones,Yes,NULL,NULL,NULL
4795,22,138.06,2021-06-13,SmartPhones,Yes,NULL,NULL,NULL
5520,52,77.09,2022-05-16,Laptops,No,20860.80,3.07,1.09
2124,71,64.05,2018-07-04,SmartPhones,No,24632.88,2.11,1.04
4187,52,119.23,2020-07-20,SmartPhones,Yes,NULL,NULL,NULL
5821,15,162.56,2019-11-28,SmartPhones,No,21941.92,4.86,1.03
4985,44,192.64,2022-04-01,Laptops,No,NULL,NULL,NULL
5224,49,130.40,2018-05-19,Home_Appliances,Yes,NULL,NULL,NULL
9776,90,168.11,2018-01-20,Home_Appliances,No,NULL,NULL,NULL
2245,23,100.55,2021-02-09,SmartPhones,Yes,NULL,NULL,NULL
4115,95,47.94,2020-10-18,Home_Appliances,No,NULL,NULL,NULL
6833,100,30.27,2018-11-16,Electronics,No,21138.27,4.06,1.02
1692,62,80.53,2022-10-03,SmartPhones,No,NULL,NULL,NULL
5501,24,197.03,2020-10-02,SmartPhones,No,17220.93,3.31,0.82
7933,70,16.19,2020-09-06,SmartPhones,No,23604.00,4.10,0.98
2972,67,97.41,2021-12-01,Electronics,Yes,NULL,NULL,NULL
6924,34,45.56,2021-06-08,SmartPhones,Yes,17694.08,4.83,0.94
4013,55,50.00,2020-10-18,SmartPhones,No,NULL,NULL,NULL
3148,88,53.43,2021-03-25,Electronics,No,NULL,NULL,NULL
4212,95,38.41,2018-10-26,Electronics,Yes,NULL,NULL,NULL
2621,21,21.41,2021-11-15,SmartPhones,No,NULL,NULL,NULL
5256,47,116.47,2020-01-10,SmartPhones,No,NULL,NULL,NULL
4259,74,133.47,2021-03-27,Home_Appliances,No,NULL,NULL,NULL
8322,11,82.40,2022-12-27,SmartPhones,No,NULL,NULL,NULL
6527,81,126.34,2020-05-13,Laptops,Yes,NULL,NULL,NULL
5773,35,125.02,2021-12-25,Laptops,No,NULL,NULL,NULL
9535,53,41.79,2020-07-11,Electronics,Yes,NULL,NULL,NULL
7504,98,199.24,2020-12-09,Electronics,No,NULL,NULL,NULL
7387,30,57.01,2019-09-26,SmartPhones,No,NULL,NULL,NULL
1468,85,77.80,2018-03-13,SmartPhones,No,19671.93,4.48,1.17
9987,18,194.21,2020-06-30,Home_Appliances,No,21310.48,3.54,1.03
9576,82,111.42,2021-08-03,SmartPhones,No,20396.68,4.22,0.98
5698,69,11.58,2020-08-18,Laptops,No,NULL,NULL,NULL
4788,1,114.16,2022-06-20,Home_Appliances,No,23821.62,2.75,0.90
7385,49,51.91,2022-08-24,Electronics,No,NULL,NULL,NULL
5454,84,151.16,2019-08-07,SmartPhones,No,NULL,NULL,NULL
2808,59,127.37,2021-07-28,SmartPhones,No,NULL,NULL,NULL
9764,24,194.74,2018-02-15,SmartPhones,No,NULL,NULL,NULL
2477,2,103.78,2018-11-05,SmartPhones,No,NULL,NULL,NULL
8597,5,72.75,2021-11-28,Home_Appliances,Yes,NULL,NULL,NULL
8257,95,198.96,2019-05-22,Home_Appliances,No,22353.23,1.38,1.07
4415,50,139.47,2020-08-26,SmartPhones,No,16586.11,3.91,1.10
9534,33,101.43,2018-09-08,SmartPhones,Yes,18604.27,1.21,1.07
2850,82,92.49,2019-04-29,Electronics,Yes,NULL,NULL,NULL
4982,6,120.40,2018-01-19,Laptops,Yes,18713.99,1.36,0.86
2497,80,74.30,2021-11-05,Electronics,Yes,18555.18,1.62,1.01
2759,63,54.21,2018-09-15,SmartPhones,No,NULL,NULL,NULL
3207,6,102.21,2019-05-29,Laptops,No,NULL,NULL,NULL
5314,47,96.28,2021-01-14,Laptops,Yes,23829.32,3.48,0.95
4912,93,22.03,2019-10-19,Laptops,Yes,20240.70,2.99,1.02
5638,53,131.77,2019-10-23,Electronics,Yes,NULL,NULL,NULL
3126,5,48.40,2019-01-01,Laptops,Yes,NULL,NULL,NULL
9026,80,143.25,2020-12-12,SmartPhones,Yes,NULL,NULL,NULL
4419,63,186.40,2021-09-04,Electronics,No,23010.20,1.24,1.02
7814,48,160.91,2022-08-11,Electronics,No,NULL,NULL,NULL
2276,67,28.45,2019-03-19,Home_Appliances,No,NULL,NULL,NULL
3931,96,116.05,2021-02-17,Electronics,No,21744.93,3.81,0.97
2705,24,114.49,2018-12-08,SmartPhones,Yes,20339.00,3.40,1.17
6163,42,170.52,2021-01-31,Laptops,No,23261.55,2.29,0.90
1567,77,13.10,2019-08-06,Home_Appliances,No,15065.69,4.94,0.89
6159,99,166.17,2018-02-14,SmartPhones,Yes,15942.87,2.84,0.86
5341,75,57.47,2020-01-22,SmartPhones,No,15919.05,2.60,1.17
2562,83,67.07,2021-05-04,Laptops,Yes,22801.22,4.69,0.93
8115,16,175.26,2020-05-03,Home_Appliances,Yes,NULL,NULL,NULL
9591,41,112.59,2018-03-26,Home_Appliances,No,20024.02,1.88,0.82
7436,97,123.08,2020-07-01,Electronics,Yes,19319.36,4.15,0.86
6507,61,118.57,2018-06-19,Electronics,No,NULL,NULL,NULL
3136,18,101.38,2022-04-10,Home_Appliances,No,NULL,NULL,NULL
7776,47,76.18,2020-05-17,SmartPhones,No,NULL,NULL,NULL
6729,57,128.40,2021-06-16,Laptops,Yes,NULL,NULL,NULL
3555,94,172.03,2022-04-01,Electronics,Yes,NULL,NULL,NULL
5713,44,141.82,2018-01-29,Electronics,No,NULL,NULL,NULL
9814,27,113.82,2019-03-10,SmartPhones,No,NULL,NULL,NULL
1301,75,182.15,2020-02-11,Electronics,No,NULL,NULL,NULL
5444,60,134.40,2018-04-19,Electronics,Yes,NULL,NULL,NULL
6901,14,13.62,2022-11-06,Laptops,Yes,24797.93,3.03,1.08
6168,77,111.00,2020-09-19,Home_Appliances,Yes,NULL,NULL,NULL
1352,32,185.23,2018-03-23,SmartPhones,No,NULL,NULL,NULL
6765,81,67.44,2019-12-29,SmartPhones,Yes,NULL,NULL,NULL
1482,36,52.86,2021-02-10,SmartPhones,No,NULL,NULL,NULL
4726,31,118.85,2020-05-04,Laptops,No,24097.35,2.32,1.02
4387,18,120.40,2021-08-29,Home_Appliances,Yes,18089.98,3.82,1.01
3215,99,37.58,2020-05-30,Home_Appliances,No,15678.14,3.13,1.09
4016,19,148.15,2019-10-13,SmartPhones,No,24611.96,2.21,1.10
4783,30,53.87,2021-05-06,Electronics,No,15794.75,4.12,0.85
8680,84,81.05,2021-12-29,Laptops,No,NULL,NULL,NULL
7694,2,185.83,2022-04-15,Laptops,Yes,NULL,NULL,NULL
5025,69,85.17,2020-11-28,Electronics,No,20161.27,3.52,0.82
5770,51,178.04,2020-06-19,SmartPhones,No,16664.87,2.18,1.17
9952,51,88.58,2018-10-05,Laptops,Yes,NULL,NULL,NULL
4308,59,27.13,2022-12-13,SmartPhones,Yes,22183.75,1.49,0.85
8362,47,26.21,2021-07-22,Laptops,Yes,18786.79,2.52,1.11
6491,85,173.91,2021-03-04,Home_Appliances,Yes,16788.67,3.85,0.97
6071,99,192.58,2022-02-04,SmartPhones,Yes,NULL,NULL,NULL
5146,59,104.55,2018-01-26,Laptops,Yes,NULL,NULL,NULL
4401,24,38.17,2018-04-11,SmartPhones,Yes,NULL,NULL,NULL
5889,12,19.32,2019-11-10,Laptops,Yes,NULL,NULL,NULL
2108,55,170.23,2022-04-03,Electronics,No,19708.17,1.49,1.14
6393,53,109.68,2020-12-15,Home_Appliances,Yes,NULL,NULL,NULL
6797,79,116.90,2018-09-23,Laptops,No,23079.80,4.53,0.89
5759,1,32.46,2019-02-01,Laptops,Yes,NULL,NULL,NULL
7793,6,73.42,2020-04-27,Home_Appliances,Yes,21406.18,3.76,0.90
2111,39,106.27,2019-09-23,SmartPhones,Yes,NULL,NULL,NULL
1477,23,46.86,2022-09-01,SmartPhones,No,24161.63,4.19,1.06
8888,81,97.52,2018-11-15,SmartPhones,No,NULL,NULL,NULL
9537,73,147.74,2019-09-06,SmartPhones,Yes,NULL,NULL,NULL
6793,20,63.29,2018-05-16,Electronics,No,NULL,NULL,NULL
7382,77,32.20,2019-01-19,SmartPhones,No,NULL,NULL,NULL
4893,58,167.60,2020-02-01,SmartPhones,Yes,NULL,NULL,NULL
1612,26,183.54,2022-05-12,Laptops,Yes,NULL,NULL,NULL
6572,94,176.04,2020-09-17,SmartPhones,No,NULL,NULL,NULL
6095,88,171.14,2018-04-01,Electronics,No,19668.76,1.18,1.01
8227,16,61.80,2021-10-06,Home_Appliances,No,NULL,NULL,NULL
2677,70,76.56,2019-02-28,SmartPhones,No,16415.57,3.82,0.91
5011,10,69.16,2018-12-17,SmartPhones,No,NULL,NULL,NULL
1826,50,20.22,2018-08-05,Laptops,No,NULL,NULL,NULL
8304,46,69.36,2021-06-16,Home_Appliances,Yes,NULL,NULL,NULL
3159,90,98.97,2018-07-10,Laptops,No,NULL,NULL,NULL
6320,63,15.75,2020-07-17,Laptops,Yes,18514.41,2.84,0.87
6711,74,34.20,2021-05-22,Electronics,No,23175.53,4.19,0.93
2162,39,111.22,2022-06-11,Laptops,No,17385.75,1.97,0.86
8903,9,74.74,2020-02-26,Laptops,No,NULL,NULL,NULL
3835,86,24.80,2021-09-19,Laptops,Yes,20921.63,2.85,1.02
8294,40,191.62,2018-12-27,Electronics,Yes,21855.09,3.39,1.13
1003,19,135.57,2022-03-31,Laptops,No,NULL,NULL,NULL
6187,73,160.93,2019-09-06,SmartPhones,No,NULL,NULL,NULL
1133,66,86.80,2021-06-06,Home_Appliances,No,NULL,NULL,NULL
1013,72,165.94,2021-12-11,SmartPhones,Yes,23612.48,4.46,0.89
7459,41,145.24,2021-07-04,Laptops,No,NULL,NULL,NULL
3278,72,83.07,2019-01-21,SmartPhones,No,NULL,NULL,NULL
3248,54,173.43,2021-08-08,Laptops,Yes,NULL,NULL,NULL
7731,74,79.72,2021-01-23,Electronics,No,22048.83,1.45,0.99
5017,81,150.92,2020-08-25,Electronics,No,NULL,NULL,NULL
1176,59,107.41,2020-08-18,Laptops,No,NULL,NULL,NULL
5738,5,142.06,2018-12-10,SmartPhones,No,NULL,NULL,NULL
1845,38,163.69,2021-09-06,Electronics,No,19847.60,1.51,0.83
5552,17,127.00,2019-06-01,SmartPhones,No,15142.03,1.45,0.87
3476,58,80.26,2021-09-11,Home_Appliances,No,NULL,NULL,NULL
9640,5,75.14,2022-11-01,Electronics,Yes,20955.44,4.29,1.14
7765,50,55.21,2022-04-27,Laptops,Yes,NULL,NULL,NULL
9724,49,139.87,2019-04-24,Laptops,No,17626.25,3.12,0.97
5731,58,82.58,2022-06-21,SmartPhones,Yes,15973.64,3.13,0.94
7408,99,138.31,2020-08-02,Home_Appliances,Yes,20199.52,3.71,1.20
6132,2,137.83,2021-01-26,Electronics,Yes,19112.49,3.10,1.07
6759,93,63.83,2019-03-26,Home_Appliances,Yes,15237.00,1.37,1.18
4552,82,33.14,2021-05-12,Electronics,Yes,23564.41,1.52,1.06
4027,90,45.01,2018-08-16,SmartPhones,No,21604.78,1.30,0.98
4287,51,43.90,2021-06-03,Laptops,Yes,NULL,NULL,NULL
2740,92,59.21,2020-06-23,Electronics,Yes,15704.12,3.91,1.11
1307,20,134.04,2020-10-16,Electronics,Yes,NULL,NULL,NULL
7411,1,107.92,2021-03-22,Laptops,No,NULL,NULL,NULL
2148,29,10.63,2021-01-11,Laptops,Yes,20672.44,4.74,0.94
5961,8,130.13,2020-03-31,Electronics,No,NULL,NULL,NULL
8530,99,65.09,2022-04-07,Home_Appliances,Yes,NULL,NULL,NULL
5896,50,180.33,2021-11-26,SmartPhones,No,NULL,NULL,NULL
3292,25,14.82,2018-03-15,Home_Appliances,No,NULL,NULL,NULL
9186,58,193.65,2020-12-29,Electronics,Yes,NULL,NULL,NULL
7643,28,163.35,2018-08-31,Laptops,Yes,NULL,NULL,NULL
3319,84,13.62,2020-09-28,Electronics,Yes,NULL,NULL,NULL
1818,13,96.68,2019-09-22,Home_Appliances,Yes,23178.00,1.43,1.00
4613,26,90.98,2018-05-10,Laptops,No,NULL,NULL,NULL
6268,28,155.20,2022-09-10,Home_Appliances,No,NULL,NULL,NULL
3753,48,115.15,2021-11-27,Laptops,Yes,24256.76,1.16,0.84
7162,21,12.97,2022-05-12,Laptops,Yes,NULL,NULL,NULL
5648,89,163.41,2020-05-02,Laptops,Yes,17061.60,3.56,1.01
7750,23,126.00,2019-05-05,Electronics,Yes,22171.99,3.45,0.84
5934,54,10.87,2019-12-14,Home_Appliances,Yes,NULL,NULL,NULL
6929,98,197.49,2022-11-02,Home_Appliances,No,NULL,NULL,NULL
4173,20,140.20,2018-08-19,Laptops,No,16763.24,3.68,0.82
6966,27,92.59,2019-08-07,SmartPhones,No,NULL,NULL,NULL
3881,4,102.16,2018-11-20,Electronics,Yes,23950.79,3.89,1.04
6340,26,151.95,2020-05-08,SmartPhones,Yes,22789.75,2.30,0.84
7759,26,81.35,2022-11-17,Home_Appliances,Yes,NULL,NULL,NULL
3374,79,96.45,2019-03-19,Laptops,No,NULL,NULL,NULL
5418,43,34.17,2019-02-19,Electronics,No,16365.01,4.41,0.98
3804,44,51.77,2022-04-07,SmartPhones,Yes,NULL,NULL,NULL
3784,71,172.45,2021-03-29,Electronics,No,NULL,NULL,NULL
8757,60,63.04,2022-09-11,Laptops,Yes,NULL,NULL,NULL
3440,1,89.38,2021-03-20,Electronics,Yes,24912.74,3.93,1.00
7662,17,78.10,2019-03-23,Home_Appliances,Yes,NULL,NULL,NULL
8524,74,151.98,2022-10-24,Electronics,No,NULL,NULL,NULL
4030,48,129.09,2022-06-06,Electronics,Yes,NULL,NULL,NULL
5859,97,61.26,2020-05-22,Home_Appliances,Yes,21204.55,2.34,1.17
9433,47,178.72,2021-10-13,Electronics,No,18655.91,3.48,0.95
3871,72,143.93,2021-08-20,Home_Appliances,Yes,NULL,NULL,NULL
8839,97,120.22,2022-02-19,Home_Appliances,Yes,18204.64,4.59,1.00
7929,7,22.04,2019-07-22,SmartPhones,No,NULL,NULL,NULL
9714,69,180.90,2021-10-21,Laptops,No,NULL,NULL,NULL
2075,59,26.59,2019-01-21,Laptops,Yes,NULL,NULL,NULL
5521,90,38.11,2018-08-18,Home_Appliances,Yes,NULL,NULL,NULL
9870,61,75.87,2018-09-28,Laptops,Yes,NULL,NULL,NULL
4806,67,132.49,2022-09-06,Laptops,No,NULL,NULL,NULL
9686,71,94.60,2022-09-21,SmartPhones,Yes,NULL,NULL,NULL
4715,48,194.44,2020-09-18,Electronics,Yes,NULL,NULL,NULL
3634,69,64.20,2021-12-28,Home_Appliances,Yes,16612.55,1.47,1.20
3072,34,80.24,2020-06-21,Home_Appliances,Yes,NULL,NULL,NULL
8347,21,111.39,2021-01-10,Electronics,Yes,19045.62,3.00,0.86
8504,20,10.82,2019-10-18,SmartPhones,No,19739.11,2.16,1.18
3409,73,148.42,2022-06-26,Laptops,No,NULL,NULL,NULL
3284,71,32.21,2021-10-20,Electronics,No,NULL,NULL,NULL
6347,78,131.85,2018-04-23,Home_Appliances,No,16957.16,1.33,1.14
2431,51,46.95,2020-11-14,SmartPhones,Yes,24084.47,2.44,0.86
8006,50,80.84,2020-01-28,SmartPhones,No,18513.55,4.91,1.15
2435,94,178.68,2019-03-18,Laptops,No,17886.34,4.22,1.19
7944,54,36.52,2022-02-01,Electronics,Yes,NULL,NULL,NULL
6495,76,153.66,2018-05-16,Electronics,Yes,NULL,NULL,NULL
8571,73,153.50,2021-12-25,Home_Appliances,Yes,NULL,NULL,NULL
1691,39,168.57,2022-08-13,SmartPhones,No,20592.81,2.85,0.81
1040,34,67.03,2018-11-12,Laptops,Yes,21538.13,4.57,0.97
9059,83,56.50,2021-11-09,Electronics,No,NULL,NULL,NULL
6927,62,117.46,2021-04-05,SmartPhones,No,24742.59,4.27,0.95
1287,34,40.94,2022-09-28,Electronics,Yes,NULL,NULL,NULL
3675,35,78.62,2018-04-19,SmartPhones,Yes,NULL,NULL,NULL
5932,88,142.61,2019-07-10,SmartPhones,Yes,NULL,NULL,NULL
3243,37,80.87,2020-11-27,Laptops,No,NULL,NULL,NULL
6604,91,67.89,2018-12-19,Electronics,Yes,16287.14,3.78,1.08
6036,27,34.74,2018-09-14,Electronics,No,21908.18,4.14,0.83
8934,56,18.08,2022-04-01,Electronics,Yes,NULL,NULL,NULL
2948,6,22.59,2019-06-03,Electronics,Yes,22823.71,4.68,0.88
4277,86,76.79,2019-01-14,Electronics,Yes,NULL,NULL,NULL
6698,21,172.48,2019-12-23,Home_Appliances,Yes,NULL,NULL,NULL
4555,25,193.21,2022-01-05,Home_Appliances,Yes,NULL,NULL,NULL
9260,91,100.20,2022-10-10,Home_Appliances,No,NULL,NULL,NULL
7219,28,107.71,2020-05-18,Laptops,Yes,22614.09,2.26,0.99
9515,64,154.83,2018-10-06,SmartPhones,Yes,NULL,NULL,NULL
2723,57,109.31,2020-03-22,Electronics,Yes,NULL,NULL,NULL
2666,22,22.29,2022-02-27,Home_Appliances,No,NULL,NULL,NULL
4815,55,147.79,2022-09-13,SmartPhones,No,22563.03,4.20,1.18
6834,86,124.60,2020-09-01,Laptops,No,20114.15,1.59,0.98
3001,63,104.48,2019-05-29,Home_Appliances,Yes,NULL,NULL,NULL
1438,49,124.87,2019-01-02,SmartPhones,Yes,NULL,NULL,NULL
9518,64,160.62,2022-04-21,Home_Appliances,No,NULL,NULL,NULL
6629,70,113.86,2022-07-16,Electronics,No,NULL,NULL,NULL
7165,59,16.84,2020-06-25,Home_Appliances,No,23847.00,1.66,0.97
8797,21,106.27,2021-02-25,Laptops,No,NULL,NULL,NULL
6779,37,70.89,2022-04-19,Electronics,Yes,16281.98,2.47,1.12
1440,81,74.84,2022-04-17,Electronics,No,18451.43,2.43,0.94
5001,31,133.14,2019-05-23,Electronics,Yes,23689.40,1.46,0.87
9821,5,97.57,2019-10-30,Laptops,No,NULL,NULL,NULL
2234,69,50.68,2022-09-18,SmartPhones,Yes,17973.20,3.29,1.12
2506,75,28.00,2022-01-09,SmartPhones,No,15672.70,4.20,0.99
4436,10,133.79,2019-12-13,SmartPhones,No,19329.10,3.16,0.88
7591,80,107.92,2019-05-30,Home_Appliances,Yes,21278.44,3.06,0.87
9178,85,192.80,2019-03-13,Laptops,No,24371.63,3.13,1.05
5919,56,87.95,2022-09-25,Electronics,Yes,NULL,NULL,NULL
6087,63,116.37,2020-08-08,Laptops,No,NULL,NULL,NULL
3235,34,160.04,2018-03-01,SmartPhones,Yes,21442.94,1.17,1.09
1326,11,69.64,2018-04-24,SmartPhones,Yes,NULL,NULL,NULL
2479,93,170.12,2020-03-23,Home_Appliances,Yes,NULL,NULL,NULL
7388,96,151.35,2022-07-09,Laptops,Yes,NULL,NULL,NULL
8200,33,173.95,2020-04-16,Electronics,No,NULL,NULL,NULL
9941,61,139.72,2020-05-17,SmartPhones,Yes,NULL,NULL,NULL
6945,88,33.19,2022-07-22,Home_Appliances,No,18884.71,4.64,0.96
5186,12,187.90,2019-09-09,Home_Appliances,No,NULL,NULL,NULL
6196,99,132.44,2022-12-07,Electronics,No,23664.45,4.29,1.18
5275,9,76.85,2020-11-02,SmartPhones,No,21952.10,4.05,1.06
4010,57,160.29,2021-07-14,Home_Appliances,Yes,19006.62,3.51,0.93
2347,21,57.42,2018-08-15,Home_Appliances,No,NULL,NULL,NULL
3187,23,140.62,2019-06-18,SmartPhones,No,NULL,NULL,NULL
7182,74,52.65,2022-09-06,Electronics,Yes,NULL,NULL,NULL
3764,52,127.42,2018-04-12,SmartPhones,Yes,15890.61,2.47,1.18
2922,92,109.91,2018-01-29,Laptops,No,NULL,NULL,NULL
4858,58,182.39,2021-06-19,SmartPhones,No,NULL,NULL,NULL
7513,28,145.53,2021-11-07,Laptops,No,NULL,NULL,NULL
4847,46,199.38,2020-08-22,Electronics,Yes,17536.57,3.48,0.92
7466,48,35.13,2021-10-06,Electronics,Yes,NULL,NULL,NULL
8669,12,70.29,2018-09-28,Laptops,Yes,NULL,NULL,NULL
9179,36,152.09,2022-11-21,Laptops,No,24027.93,2.05,1.13
5321,41,92.80,2020-11-24,Home_Appliances,No,22368.69,2.97,1.18
8208,25,38.24,2018-04-19,Home_Appliances,Yes,NULL,NULL,NULL
8150,64,17.75,2018-08-26,SmartPhones,No,NULL,NULL,NULL
3425,45,27.78,2018-09-11,SmartPhones,Yes,23349.54,4.00,1.13
4479,1,109.94,2021-04-10,Home_Appliances,No,24204.13,1.98,1.00
2545,43,14.93,2022-12-23,Electronics,No,NULL,NULL,NULL
6300,4,25.40,2018-11-11,Laptops,No,NULL,NULL,NULL
6397,84,128.25,2018-03-31,Laptops,No,24474.18,5.00,1.16
3118,7,162.30,2019-03-09,SmartPhones,No,22981.47,3.98,1.02
7592,83,152.99,2019-08-07,Home_Appliances,Yes,NULL,NULL,NULL
6080,78,34.94,2021-11-03,Electronics,No,20126.53,2.96,1.15
8805,73,124.06,2019-07-04,Electronics,No,23109.94,3.46,0.97
7979,6,107.53,2018-07-10,Laptops,Yes,NULL,NULL,NULL
9638,83,109.69,2021-07-13,SmartPhones,No,NULL,NULL,NULL
3434,88,181.55,2018-09-19,Home_Appliances,No,17954.82,1.19,0.83
1738,14,107.02,2020-11-17,Laptops,Yes,19646.56,3.88,1.13
6823,75,25.54,2019-06-06,Electronics,Yes,NULL,NULL,NULL
7438,11,89.09,2018-04-03,SmartPhones,No,NULL,NULL,NULL
5342,24,50.10,2019-12-01,Electronics,No,23716.16,1.43,1.01
1095,15,12.53,2020-03-19,Laptops,No,21918.06,4.48,1.19
8974,80,164.50,2019-09-13,SmartPhones,No,23046.41,1.35,0.85
4126,3,142.25,2018-08-18,Home_Appliances,Yes,NULL,NULL,NULL
8139,81,173.06,2022-09-21,Home_Appliances,Yes,NULL,NULL,NULL
1357,22,181.46,2018-08-27,Laptops,No,19714.89,4.44,1.03
4298,73,167.60,2019-08-27,Laptops,Yes,18338.50,1.41,1.14
8993,92,21.53,2019-04-20,Electronics,No,20764.03,3.21,0.91
8738,21,128.15,2022-06-26,SmartPhones,Yes,NULL,NULL,NULL
9063,54,189.18,2018-07-26,Laptops,No,17347.19,3.23,1.20
2043,56,31.65,2019-11-23,Home_Appliances,Yes,NULL,NULL,NULL
6820,6,156.32,2022-04-25,SmartPhones,Yes,NULL,NULL,NULL
2706,7,186.06,2021-12-17,Laptops,No,24626.47,4.02,1.19
2669,72,17.97,2022-08-14,Electronics,Yes,NULL,NULL,NULL
3572,38,144.55,2022-01-31,Laptops,Yes,NULL,NULL,NULL
3014,26,93.43,2022-10-04,Laptops,Yes,17453.16,4.24,0.94
9274,11,60.54,2018-12-17,Laptops,No,NULL,NULL,NULL
9677,30,36.22,2020-05-13,Laptops,No,NULL,NULL,NULL
2140,44,69.81,2018-06-23,Home_Appliances,No,15614.68,4.04,1.06
3473,8,195.77,2021-03-22,SmartPhones,No,NULL,NULL,NULL
5986,96,69.60,2022-01-17,SmartPhones,Yes,NULL,NULL,NULL
7627,26,177.39,2022-05-08,Electronics,Yes,NULL,NULL,NULL
3064,70,63.95,2020-12-01,Electronics,No,20213.36,4.03,0.86
1456,70,122.58,2022-12-29,Home_Appliances,No,22265.09,4.95,0.84
5881,95,10.99,2021-03-18,SmartPhones,Yes,NULL,NULL,NULL
9737,77,54.43,2022-09-26,SmartPhones,No,21669.22,4.26,1.03
3293,49,108.74,2022-01-02,Home_Appliances,Yes,NULL,NULL,NULL
6919,13,37.85,2020-07-19,Laptops,No,15819.47,1.25,1.16
8210,63,149.03,2021-11-12,Laptops,Yes,16443.46,1.51,1.08
3119,66,174.02,2021-12-13,Electronics,Yes,NULL,NULL,NULL
7051,78,171.94,2018-09-01,Electronics,Yes,18695.86,2.16,1.01
2929,40,198.29,2020-01-31,SmartPhones,No,19859.26,4.16,0.86
7910,40,178.92,2018-04-10,Home_Appliances,Yes,23191.25,2.96,0.85
6712,6,89.34,2018-05-19,SmartPhones,No,NULL,NULL,NULL
3175,18,105.91,2022-04-10,Laptops,No,NULL,NULL,NULL
2463,80,136.26,2022-06-27,Laptops,No,NULL,NULL,NULL
3028,72,26.18,2021-08-11,Electronics,Yes,NULL,NULL,NULL
9713,3,62.24,2019-01-04,Home_Appliances,Yes,NULL,NULL,NULL
2386,69,125.30,2022-07-11,Laptops,Yes,19914.73,4.74,0.94
3957,4,173.33,2020-04-29,SmartPhones,No,NULL,NULL,NULL
6329,4,145.53,2019-01-07,SmartPhones,No,15987.44,1.57,1.16
2885,8,70.48,2019-07-06,Laptops,Yes,NULL,NULL,NULL
1305,71,193.06,2019-07-06,Electronics,Yes,NULL,NULL,NULL
7664,11,170.79,2020-07-02,Home_Appliances,Yes,NULL,NULL,NULL
6757,81,50.42,2022-09-22,SmartPhones,Yes,16614.16,3.14,0.83
2469,90,33.37,2020-03-20,Home_Appliances,No,NULL,NULL,NULL
6215,88,189.63,2022-12-16,SmartPhones,No,17730.13,3.65,0.93
3843,72,180.10,2020-04-26,Laptops,No,20381.31,4.15,1.06
2270,4,179.59,2021-01-08,Laptops,Yes,18529.95,4.25,1.13
6864,23,169.44,2020-03-03,Electronics,Yes,NULL,NULL,NULL
4629,3,154.10,2022-03-02,SmartPhones,Yes,15899.67,3.45,0.92
4623,64,193.79,2019-04-25,Electronics,No,NULL,NULL,NULL
1116,82,85.26,2019-02-06,SmartPhones,No,16704.77,1.78,1.10
9491,64,78.68,2020-08-13,Electronics,Yes,15469.65,4.67,1.01
1393,81,187.66,2021-04-28,SmartPhones,Yes,16078.41,1.95,0.94
8314,16,26.25,2021-03-31,Electronics,Yes,18773.95,4.56,1.08
3089,57,20.41,2018-05-07,Laptops,Yes,NULL,NULL,NULL
7249,13,127.29,2020-04-02,Laptops,Yes,23645.83,4.15,1.05
8428,60,161.08,2020-02-26,Electronics,No,NULL,NULL,NULL
9474,76,46.57,2019-11-04,Electronics,Yes,20951.75,1.27,1.12
4172,17,131.10,2021-03-19,SmartPhones,No,19210.07,3.90,0.98
4983,6,21.49,2018-10-09,SmartPhones,No,20131.26,3.61,0.94
9866,19,38.01,2022-05-08,SmartPhones,No,NULL,NULL,NULL
4297,9,74.89,2022-05-28,Laptops,No,20997.62,2.32,1.03
6431,95,81.42,2022-07-12,Laptops,Yes,NULL,NULL,NULL
6863,72,31.89,2018-03-03,SmartPhones,No,16944.03,3.34,1.11
5029,26,14.08,2019-01-01,SmartPhones,Yes,NULL,NULL,NULL
2818,27,67.96,2019-11-25,Home_Appliances,No,23094.88,3.64,1.18
5819,20,72.26,2022-06-06,Electronics,No,NULL,NULL,NULL
9011,94,25.47,2019-03-05,Laptops,Yes,NULL,NULL,NULL
9342,64,108.59,2020-02-06,Home_Appliances,No,22124.87,3.10,0.99
9106,35,120.43,2020-08-28,Electronics,Yes,NULL,NULL,NULL
7486,40,90.75,2019-03-24,Laptops,Yes,NULL,NULL,NULL
7981,60,92.18,2020-07-12,SmartPhones,No,18170.20,2.53,0.87
5096,96,164.96,2019-09-12,SmartPhones,Yes,22056.43,4.99,1.20
9898,2,156.31,2019-06-19,SmartPhones,No,22831.28,2.62,0.96
1194,84,107.40,2020-08-24,Home_Appliances,No,NULL,NULL,NULL
4829,76,159.34,2020-11-22,Laptops,No,18406.60,1.34,1.14
3102,95,11.84,2019-09-18,SmartPhones,No,NULL,NULL,NULL
9808,42,121.52,2019-09-06,Electronics,Yes,NULL,NULL,NULL
7404,27,190.25,2020-02-20,Electronics,No,NULL,NULL,NULL
8397,39,27.72,2021-08-01,Electronics,Yes,NULL,NULL,NULL
4058,9,183.16,2019-02-12,Laptops,No,NULL,NULL,NULL
8449,48,108.52,2018-04-28,Home_Appliances,No,NULL,NULL,NULL
2814,69,89.50,2018-09-22,Electronics,No,24550.97,4.46,0.85
4369,56,165.40,2019-09-27,Laptops,Yes,21037.09,4.76,1.03
9232,88,97.20,2022-01-07,Home_Appliances,Yes,24910.85,2.78,1.13
5044,43,182.96,2020-12-12,Laptops,No,NULL,NULL,NULL
8476,90,170.10,2019-12-12,SmartPhones,No,NULL,NULL,NULL
7447,6,55.54,2021-12-01,Home_Appliances,No,NULL,NULL,NULL
2093,93,147.26,2021-11-30,Home_Appliances,No,NULL,NULL,NULL
7041,97,29.99,2018-06-06,SmartPhones,No,NULL,NULL,NULL
8572,10,131.38,2018-02-24,Laptops,No,18436.58,2.60,0.88
1618,33,31.79,2018-01-22,Home_Appliances,No,NULL,NULL,NULL
2352,85,56.04,2021-01-28,Laptops,Yes,19707.88,2.12,0.86
1295,13,43.67,2021-05-28,Electronics,No,16684.53,3.69,0.80
5476,57,78.04,2018-11-11,Home_Appliances,Yes,NULL,NULL,NULL
1782,82,164.19,2022-09-10,Electronics,No,NULL,NULL,NULL
1457,44,165.90,2018-01-30,Electronics,Yes,NULL,NULL,NULL
3750,22,18.36,2022-01-22,Electronics,No,18226.80,3.51,1.05
9875,55,32.95,2020-03-20,Home_Appliances,Yes,NULL,NULL,NULL
3809,13,123.97,2019-05-31,Laptops,Yes,NULL,NULL,NULL
6209,86,101.60,2022-10-10,SmartPhones,Yes,NULL,NULL,NULL
4808,76,143.88,2020-10-28,Electronics,Yes,NULL,NULL,NULL
4873,55,153.88,2022-02-20,Electronics,Yes,NULL,NULL,NULL
7156,83,17.20,2019-02-23,Laptops,No,16342.67,2.27,1.11
1648,54,133.13,2020-12-02,SmartPhones,Yes,NULL,NULL,NULL
8247,1,22.28,2021-07-13,Laptops,Yes,NULL,NULL,NULL
4345,12,43.00,2018-09-15,Home_Appliances,Yes,NULL,NULL,NULL
3689,26,56.54,2022-01-17,Home_Appliances,Yes,NULL,NULL,NULL
4299,62,25.20,2019-07-11,SmartPhones,No,18777.17,2.88,0.97
8101,20,165.72,2022-04-07,Laptops,Yes,NULL,NULL,NULL
5918,69,39.03,2021-05-03,Home_Appliances,No,NULL,NULL,NULL
8878,43,35.96,2018-05-28,Laptops,Yes,16547.24,1.76,0.81
9203,93,81.11,2022-02-04,Laptops,No,NULL,NULL,NULL
9020,83,197.63,2019-09-23,Electronics,No,NULL,NULL,NULL
3660,98,92.90,2019-02-02,SmartPhones,No,20096.08,2.95,1.08
1462,86,132.61,2021-11-29,SmartPhones,No,NULL,NULL,NULL
3644,15,156.48,2018-01-26,Laptops,No,NULL,NULL,NULL
3338,96,49.81,2019-07-05,Laptops,No,15064.20,1.67,1.00
2587,100,142.30,2018-05-24,Laptops,No,22330.42,1.68,0.95
3721,38,26.28,2018-06-13,Electronics,No,15642.62,1.12,0.89
8949,98,29.15,2021-10-09,Electronics,No,NULL,NULL,NULL
8961,97,74.04,2020-08-27,Laptops,No,NULL,NULL,NULL
4925,86,85.71,2020-01-10,Electronics,No,NULL,NULL,NULL
7583,18,14.88,2022-01-25,Electronics,No,24510.62,4.01,0.90
8404,88,135.19,2021-06-20,Laptops,No,NULL,NULL,NULL
6278,82,78.44,2018-02-04,Electronics,No,21779.29,1.93,0.99
2333,55,188.43,2019-12-15,Laptops,Yes,NULL,NULL,NULL
3345,67,176.48,2022-11-17,Electronics,Yes,NULL,NULL,NULL
9990,60,41.93,2022-11-27,Laptops,Yes,19821.69,3.16,0.90
3792,85,142.98,2022-03-23,Electronics,No,24933.61,1.12,1.17
6349,99,63.27,2020-02-25,SmartPhones,No,NULL,NULL,NULL
9757,93,103.47,2021-07-21,SmartPhones,Yes,24317.80,4.07,1.04
6623,92,151.16,2020-02-12,Laptops,No,NULL,NULL,NULL
7229,95,10.32,2021-03-27,Electronics,Yes,NULL,NULL,NULL
6980,87,187.45,2022-06-22,Home_Appliances,Yes,16065.86,1.04,1.14
6176,38,169.07,2018-10-24,Laptops,No,16474.25,2.13,1.10
1562,41,68.69,2021-05-11,Electronics,No,24968.49,3.83,0.99
4534,38,143.79,2020-10-10,Laptops,Yes,NULL,NULL,NULL
7419,85,183.35,2019-09-05,Home_Appliances,Yes,NULL,NULL,NULL
6706,51,84.30,2022-04-01,SmartPhones,No,NULL,NULL,NULL
3418,55,139.09,2020-02-11,Home_Appliances,Yes,NULL,NULL,NULL
1859,66,133.52,2018-08-29,Laptops,Yes,21269.73,2.62,0.81
4946,63,67.51,2020-03-23,Home_Appliances,No,NULL,NULL,NULL
2468,60,174.33,2022-05-12,Laptops,No,NULL,NULL,NULL
2910,16,102.95,2018-06-19,Home_Appliances,Yes,NULL,NULL,NULL
2549,76,44.41,2022-06-15,Laptops,No,17983.63,1.50,0.93
9004,67,169.06,2018-05-11,Electronics,Yes,24656.81,4.59,0.87
3948,72,94.97,2018-01-11,SmartPhones,Yes,NULL,NULL,NULL
2438,33,171.78,2021-02-25,Electronics,Yes,NULL,NULL,NULL
9919,55,195.65,2018-12-18,Electronics,Yes,18006.00,4.78,1.01
5807,69,94.53,2021-09-11,Laptops,No,NULL,NULL,NULL
9818,27,140.71,2020-11-11,Electronics,Yes,15367.34,1.57,1.14
4526,78,114.89,2018-10-02,SmartPhones,No,NULL,NULL,NULL
5177,49,133.46,2019-06-18,Home_Appliances,No,NULL,NULL,NULL
3346,27,23.41,2021-01-02,SmartPhones,Yes,NULL,NULL,NULL
9379,21,89.74,2021-05-23,Home_Appliances,No,24924.49,2.73,0.81
6464,35,37.80,2022-05-13,Home_Appliances,No,15098.63,2.51,1.19
7203,16,43.39,2018-08-04,SmartPhones,No,NULL,NULL,NULL
5620,35,125.42,2021-02-03,Electronics,Yes,NULL,NULL,NULL
9711,77,177.58,2021-02-03,Laptops,No,NULL,NULL,NULL
3547,17,37.11,2021-09-08,SmartPhones,Yes,24184.42,3.56,0.95
5699,55,108.91,2019-07-19,Home_Appliances,No,21356.35,1.35,0.92
6123,12,130.59,2022-09-28,Electronics,Yes,NULL,NULL,NULL
5683,64,163.59,2021-02-08,Electronics,No,NULL,NULL,NULL
9156,88,199.61,2020-11-20,Electronics,No,15139.00,1.76,1.13
1119,55,143.49,2022-01-02,SmartPhones,Yes,NULL,NULL,NULL
9652,78,18.05,2021-11-01,Laptops,Yes,21745.22,4.53,1.01
4687,10,79.74,2018-12-25,Home_Appliances,No,NULL,NULL,NULL
7115,44,183.67,2018-08-20,Home_Appliances,Yes,17900.65,2.93,0.91
1036,81,118.08,2022-02-20,Home_Appliances,No,NULL,NULL,NULL
1580,80,171.19,2020-08-06,Electronics,No,15058.91,2.84,0.92
2755,45,179.14,2018-01-11,Home_Appliances,No,NULL,NULL,NULL
2388,66,180.72,2020-12-19,Laptops,Yes,24131.09,1.03,1.11
5098,61,85.12,2019-04-09,SmartPhones,No,NULL,NULL,NULL
2780,85,169.48,2020-06-17,Home_Appliances,Yes,NULL,NULL,NULL
4260,86,196.76,2020-09-08,Electronics,No,19890.68,2.98,1.07
3087,97,155.23,2019-10-28,Laptops,No,16314.18,4.83,1.12
3066,45,105.00,2018-11-15,Home_Appliances,Yes,NULL,NULL,NULL
1131,62,65.00,2020-06-08,Laptops,Yes,22609.00,1.99,0.86
9376,32,63.42,2019-01-18,Electronics,No,24942.57,1.99,1.13
4250,91,158.72,2020-08-28,Electronics,Yes,NULL,NULL,NULL
3436,16,35.14,2019-04-15,Electronics,No,24903.99,4.72,0.97
4270,7,82.27,2018-07-06,SmartPhones,Yes,17217.75,2.70,0.82
6240,24,17.77,2018-04-08,Electronics,No,17119.78,2.89,1.16
2650,24,57.93,2020-06-01,Laptops,No,18342.82,1.45,1.07
3134,47,150.85,2019-11-10,SmartPhones,No,NULL,NULL,NULL
2429,14,34.79,2022-12-22,Electronics,Yes,20865.61,4.65,1.06
4120,91,94.70,2019-01-31,Electronics,Yes,24418.18,3.48,0.92
8769,26,111.38,2022-04-08,Home_Appliances,Yes,NULL,NULL,NULL
6690,58,129.67,2020-01-20,Electronics,No,15677.08,2.68,1.17
9255,3,41.72,2022-06-08,SmartPhones,Yes,17896.56,4.82,0.82
4116,51,104.05,2022-02-25,Electronics,Yes,NULL,NULL,NULL
7393,78,61.58,2020-03-31,Home_Appliances,Yes,NULL,NULL,NULL
9401,65,144.47,2020-07-21,SmartPhones,No,NULL,NULL,NULL
2951,29,18.67,2018-12-17,Home_Appliances,No,NULL,NULL,NULL
3178,7,132.06,2019-07-08,Home_Appliances,Yes,20345.95,1.01,0.94
7047,11,189.82,2019-10-27,SmartPhones,Yes,19083.43,3.45,0.93
1938,2,166.55,2021-07-05,Home_Appliances,No,16767.35,4.89,1.01
2743,96,140.74,2022-01-19,SmartPhones,Yes,NULL,NULL,NULL
7479,58,54.03,2018-11-15,Laptops,No,NULL,NULL,NULL
8526,23,45.88,2019-01-14,Laptops,Yes,NULL,NULL,NULL
3911,51,140.60,2022-08-02,Home_Appliances,Yes,16435.22,2.71,0.98
7594,93,110.09,2018-07-25,Electronics,Yes,NULL,NULL,NULL
1716,32,156.32,2018-09-28,SmartPhones,Yes,NULL,NULL,NULL
1153,14,113.05,2022-06-10,SmartPhones,Yes,NULL,NULL,NULL
8279,21,68.40,2022-07-29,Laptops,Yes,17438.09,3.17,0.91
5617,10,126.98,2020-01-02,Electronics,No,NULL,NULL,NULL
3475,55,110.79,2018-12-31,Home_Appliances,No,16502.20,3.67,0.92
5702,14,61.51,2019-12-15,Laptops,No,NULL,NULL,NULL
2251,1,173.73,2022-06-04,Home_Appliances,Yes,18202.56,2.56,1.09
8838,9,31.50,2022-07-27,Laptops,No,16446.68,2.29,0.85
5028,54,114.37,2020-02-24,Laptops,Yes,NULL,NULL,NULL
4593,12,54.69,2021-12-10,Electronics,Yes,NULL,NULL,NULL
3188,8,183.16,2018-08-14,SmartPhones,Yes,17946.97,1.58,1.14
7898,27,167.29,2019-05-12,Electronics,Yes,16172.36,3.78,0.86
1431,55,80.62,2021-11-26,Electronics,Yes,NULL,NULL,NULL
3988,96,36.62,2020-08-20,SmartPhones,No,19115.22,2.35,1.11
1216,15,39.62,2019-08-11,Electronics,Yes,NULL,NULL,NULL
8443,92,167.61,2021-02-08,SmartPhones,Yes,NULL,NULL,NULL
9544,17,151.20,2020-02-13,Laptops,Yes,NULL,NULL,NULL
5623,70,30.23,2018-11-30,Home_Appliances,Yes,NULL,NULL,NULL
1530,35,26.16,2019-05-08,Electronics,No,15456.81,2.26,1.18
3122,87,28.50,2021-12-10,Laptops,Yes,NULL,NULL,NULL
7260,76,175.07,2020-09-03,Electronics,No,NULL,NULL,NULL
2528,30,178.04,2022-01-11,Home_Appliances,Yes,NULL,NULL,NULL
9573,44,95.02,2022-04-24,Home_Appliances,No,17908.42,3.49,1.18
1655,92,157.09,2022-12-30,Laptops,Yes,17088.21,3.44,0.83
3496,81,198.94,2021-03-07,Electronics,Yes,NULL,NULL,NULL
2428,13,96.41,2020-10-18,Home_Appliances,No,NULL,NULL,NULL
2461,23,145.02,2018-05-26,Laptops,No,24861.43,4.91,1.11
3113,47,107.37,2020-06-21,SmartPhones,No,NULL,NULL,NULL
1699,83,20.84,2021-06-25,Home_Appliances,Yes,16545.62,1.42,0.95
7541,10,52.38,2022-10-15,Laptops,Yes,18489.38,2.87,1.01
8616,11,44.25,2018-08-12,Electronics,No,22682.17,1.80,0.93
6198,78,102.40,2019-12-03,Laptops,Yes,NULL,NULL,NULL
8699,82,50.56,2018-10-26,Electronics,No,NULL,NULL,NULL
2134,52,25.52,2019-07-15,Laptops,No,NULL,NULL,NULL
1880,55,74.98,2018-07-09,SmartPhones,Yes,NULL,NULL,NULL
9773,21,193.46,2021-11-11,Laptops,No,24125.98,3.28,1.13
1597,96,196.02,2019-03-24,Laptops,Yes,NULL,NULL,NULL
4131,74,191.47,2021-10-23,SmartPhones,No,NULL,NULL,NULL
3043,64,133.29,2021-12-03,Laptops,No,19103.87,2.41,1.02
9571,43,31.54,2022-04-16,Home_Appliances,No,19283.84,1.71,1.04
9892,49,64.16,2020-06-11,Laptops,No,22020.93,4.75,1.16
2625,14,27.03,2018-06-29,Electronics,No,16036.75,4.00,1.05
9924,82,94.38,2018-07-24,Electronics,No,NULL,NULL,NULL
7243,26,172.71,2018-08-23,Electronics,No,24676.16,4.66,0.97
7484,48,158.62,2018-01-16,SmartPhones,No,23796.07,2.06,1.14
7794,31,10.79,2021-10-10,Laptops,Yes,NULL,NULL,NULL
7412,79,132.44,2019-01-30,Electronics,No,16288.70,3.55,1.19
3846,41,108.28,2020-04-05,Laptops,Yes,NULL,NULL,NULL
7422,98,129.19,2022-09-23,SmartPhones,Yes,NULL,NULL,NULL
8166,81,156.31,2018-01-24,Home_Appliances,Yes,NULL,NULL,NULL
4175,32,148.00,2021-01-01,Laptops,No,NULL,NULL,NULL
1379,75,174.72,2021-07-31,Electronics,No,24271.99,1.49,0.86
5292,12,24.70,2019-01-05,SmartPhones,Yes,18908.00,2.96,0.81
2205,81,24.50,2020-09-23,Laptops,No,23897.14,3.53,0.98
3639,39,11.93,2019-01-04,Home_Appliances,Yes,NULL,NULL,NULL
9953,21,109.13,2018-01-11,SmartPhones,Yes,NULL,NULL,NULL
9384,20,51.10,2022-04-08,SmartPhones,Yes,NULL,NULL,NULL
2367,89,188.57,2022-01-30,SmartPhones,No,NULL,NULL,NULL
5822,96,163.71,2020-08-14,Laptops,No,24223.48,2.00,0.88
5605,14,120.89,2020-03-15,SmartPhones,Yes,22941.00,4.82,1.00
8309,77,151.95,2020-05-17,SmartPhones,Yes,NULL,NULL,NULL
9691,51,15.69,2019-12-23,Home_Appliances,No,NULL,NULL,NULL
4525,48,80.67,2021-09-07,SmartPhones,Yes,15096.33,3.75,1.09
4502,73,161.10,2020-08-11,Home_Appliances,Yes,NULL,NULL,NULL
2686,36,146.09,2021-02-22,Electronics,No,21821.32,2.74,1.13
4246,7,162.52,2019-02-08,Laptops,Yes,24902.60,2.68,0.85
3803,42,122.32,2021-05-16,Home_Appliances,Yes,17850.37,3.57,1.14
1076,37,34.90,2020-08-03,Laptops,Yes,23958.30,4.67,0.82
1266,61,28.07,2018-05-23,Laptops,No,17746.74,4.01,0.96
6131,79,18.94,2020-10-08,SmartPhones,No,19933.37,3.56,1.16
1705,7,189.96,2018-08-15,Electronics,No,NULL,NULL,NULL
5422,22,185.72,2021-12-01,Laptops,Yes,NULL,NULL,NULL
7771,58,136.96,2021-07-28,Home_Appliances,No,NULL,NULL,NULL
8908,12,60.12,2019-04-08,SmartPhones,Yes,18530.10,4.34,0.90
4373,10,24.28,2021-11-24,Laptops,Yes,17124.75,3.68,0.99
3523,65,30.08,2022-10-03,Home_Appliances,Yes,NULL,NULL,NULL
9412,100,86.04,2019-02-20,Electronics,No,19230.94,3.75,1.18
2672,60,176.48,2018-10-29,Electronics,Yes,15165.88,2.84,0.91
3467,65,91.86,2020-03-23,SmartPhones,Yes,NULL,NULL,NULL
7267,55,46.85,2022-02-08,Home_Appliances,No,16766.45,2.10,1.04
7437,29,149.45,2018-07-27,SmartPhones,No,17057.05,4.14,0.94
5718,77,64.72,2021-12-16,Electronics,Yes,16850.79,4.63,1.05
6002,89,55.34,2022-10-13,SmartPhones,Yes,NULL,NULL,NULL
1208,61,91.31,2021-09-26,Electronics,Yes,24743.71,4.53,0.87
1159,46,194.21,2021-05-01,Electronics,No,NULL,NULL,NULL
5933,43,179.36,2021-12-25,Laptops,Yes,NULL,NULL,NULL
3423,29,135.28,2020-04-20,Home_Appliances,No,19978.32,1.98,1.10
9927,68,43.24,2020-07-09,SmartPhones,No,18910.26,2.67,1.20
6067,6,120.11,2019-01-26,SmartPhones,Yes,NULL,NULL,NULL
6685,15,194.20,2019-08-14,Laptops,Yes,NULL,NULL,NULL
3664,63,64.77,2019-09-14,SmartPhones,Yes,19538.58,1.87,1.13
3022,63,68.11,2018-04-19,Laptops,No,NULL,NULL,NULL
6737,37,159.20,2022-12-05,Home_Appliances,Yes,22131.97,1.57,1.09
8078,11,65.25,2021-04-13,Electronics,No,NULL,NULL,NULL
7328,52,193.71,2020-05-15,Electronics,No,NULL,NULL,NULL
8140,42,162.83,2021-10-22,Home_Appliances,Yes,17500.20,2.67,0.88
5997,39,117.67,2018-06-25,Laptops,Yes,NULL,NULL,NULL
3270,57,141.89,2020-12-14,SmartPhones,No,18541.94,2.87,1.18
8557,72,15.02,2018-02-26,Laptops,Yes,22558.56,3.46,0.92
4975,66,80.89,2021-04-03,SmartPhones,Yes,22553.35,2.57,0.96
1097,98,176.23,2020-08-05,Laptops,Yes,NULL,NULL,NULL
2753,77,28.51,2019-11-14,SmartPhones,No,NULL,NULL,NULL
9369,92,20.07,2022-02-23,Home_Appliances,Yes,20620.49,4.87,0.85
3535,81,69.07,2019-09-09,Electronics,No,NULL,NULL,NULL
3507,16,108.77,2021-05-21,Home_Appliances,Yes,16036.07,1.10,1.00
7401,16,66.99,2018-04-24,Laptops,Yes,NULL,NULL,NULL
8194,85,127.26,2022-10-26,Laptops,Yes,NULL,NULL,NULL
4943,66,150.92,2018-12-16,Home_Appliances,No,19804.66,2.16,0.84
9076,86,62.28,2020-01-23,Laptops,Yes,19639.64,4.25,0.86
5643,16,117.20,2020-07-25,Electronics,No,15340.84,3.60,1.06
8282,46,192.93,2018-03-29,Laptops,No,17769.04,4.93,0.94
9244,45,181.48,2019-03-08,Laptops,Yes,NULL,NULL,NULL
6558,92,173.15,2020-07-30,Home_Appliances,No,NULL,NULL,NULL
2117,83,101.91,2022-09-15,Laptops,Yes,NULL,NULL,NULL
9608,17,142.58,2019-06-15,SmartPhones,No,15675.70,1.12,1.09
4876,23,148.35,2018-08-04,Laptops,No,NULL,NULL,NULL
1613,96,23.85,2022-10-01,SmartPhones,Yes,24235.51,2.28,1.08
7187,82,119.02,2018-09-30,Home_Appliances,Yes,17524.95,2.75,0.91
4296,21,92.47,2022-02-28,Home_Appliances,Yes,20821.08,3.52,1.07
4334,18,179.73,2018-03-10,SmartPhones,No,NULL,NULL,NULL
9653,25,168.16,2020-10-13,Laptops,No,NULL,NULL,NULL
2100,55,128.84,2020-06-17,Electronics,Yes,NULL,NULL,NULL
9170,7,124.28,2019-04-18,SmartPhones,Yes,17240.21,4.76,1.17
5118,91,78.00,2020-03-10,Home_Appliances,No,15747.77,3.30,1.14
9192,52,127.54,2019-10-02,Electronics,No,24369.27,4.94,1.06
1528,54,59.57,2019-11-24,SmartPhones,Yes,16392.89,3.19,1.09
2021,64,23.85,2019-04-28,Electronics,No,24810.56,4.80,1.04
2320,71,100.97,2022-12-23,Home_Appliances,No,NULL,NULL,NULL
4214,78,173.46,2020-12-30,Electronics,No,15521.40,4.06,1.08
8040,55,114.41,2021-12-07,Electronics,No,NULL,NULL,NULL
6763,44,92.94,2019-02-01,Electronics,Yes,NULL,NULL,NULL
9785,6,198.28,2021-03-09,Electronics,Yes,NULL,NULL,NULL
3958,6,69.68,2019-08-02,Home_Appliances,No,16297.16,2.59,1.06
2258,33,188.29,2018-06-06,Home_Appliances,No,NULL,NULL,NULL
4609,92,67.52,2020-06-27,SmartPhones,No,NULL,NULL,NULL
6224,70,105.65,2021-11-30,Electronics,No,NULL,NULL,NULL
5583,27,183.29,2018-06-10,Home_Appliances,No,22419.09,1.84,0.95
7294,11,21.35,2019-09-08,Laptops,No,15188.48,2.53,0.98
4677,49,45.04,2019-02-26,Laptops,Yes,21604.02,1.13,1.11
1425,97,179.70,2021-05-31,SmartPhones,Yes,22572.52,2.36,1.13
8111,55,158.70,2022-11-09,Electronics,Yes,NULL,NULL,NULL
5709,69,98.07,2022-10-25,SmartPhones,Yes,24603.05,2.87,1.20
4903,2,63.33,2018-09-28,SmartPhones,Yes,NULL,NULL,NULL
7465,79,62.11,2018-03-21,SmartPhones,No,NULL,NULL,NULL
3036,73,135.55,2019-09-21,SmartPhones,Yes,19438.09,1.07,0.80
1606,62,131.17,2020-01-05,Home_Appliances,No,15585.85,4.76,0.91
6145,57,44.16,2018-05-12,SmartPhones,No,23690.55,1.51,1.05
8214,41,17.97,2021-04-02,Home_Appliances,Yes,24517.04,4.97,1.19
1264,46,112.68,2021-10-21,Electronics,Yes,NULL,NULL,NULL
9372,31,48.77,2018-06-08,SmartPhones,No,NULL,NULL,NULL
1404,78,159.75,2019-10-31,SmartPhones,No,23973.92,2.50,1.18
5817,4,40.46,2021-06-27,Electronics,No,NULL,NULL,NULL
4464,41,107.05,2022-07-13,SmartPhones,Yes,18788.40,3.33,1.06
3458,98,199.59,2020-02-20,Electronics,Yes,NULL,NULL,NULL
9982,54,112.40,2022-02-12,Electronics,Yes,21071.02,3.64,1.01
6192,25,168.84,2019-07-06,SmartPhones,Yes,NULL,NULL,NULL
4782,41,152.16,2020-07-22,Electronics,Yes,19450.07,4.83,0.96
2305,72,106.07,2019-12-22,SmartPhones,No,NULL,NULL,NULL
3052,32,157.53,2021-01-06,Laptops,Yes,21055.46,4.18,0.94
2932,53,89.99,2018-06-16,Home_Appliances,No,21326.30,4.09,1.16
8439,22,32.95,2018-02-01,SmartPhones,No,NULL,NULL,NULL
8068,89,41.72,2018-02-19,Electronics,Yes,20148.97,3.12,0.96
7919,17,86.44,2019-12-27,Home_Appliances,No,16190.30,4.59,1.16
2765,6,24.01,2022-01-19,SmartPhones,No,NULL,NULL,NULL
9345,20,180.16,2018-06-21,SmartPhones,No,NULL,NULL,NULL
5576,13,54.13,2022-05-03,Laptops,No,15482.88,3.07,1.01
9326,55,64.20,2022-09-25,Laptops,No,NULL,NULL,NULL
8973,29,178.22,2020-06-17,SmartPhones,No,NULL,NULL,NULL
5565,13,49.30,2018-10-16,Home_Appliances,Yes,20983.92,1.16,1.16
8288,17,167.90,2020-12-02,SmartPhones,Yes,NULL,NULL,NULL
8082,34,26.50,2020-10-07,Home_Appliances,No,22316.34,1.47,0.94
2295,29,148.20,2022-03-05,SmartPhones,Yes,20070.60,2.10,1.05
9402,100,24.08,2021-10-08,SmartPhones,Yes,19333.78,4.73,1.12
6202,72,135.61,2019-01-25,Electronics,Yes,17459.14,3.35,1.15
4607,26,60.40,2021-10-11,Home_Appliances,No,23138.69,3.93,0.91
3950,39,169.73,2022-12-03,SmartPhones,No,NULL,NULL,NULL
7960,23,98.30,2018-08-26,SmartPhones,Yes,NULL,NULL,NULL
8925,63,124.20,2022-09-17,Home_Appliances,Yes,NULL,NULL,NULL
7701,72,156.64,2018-05-05,SmartPhones,No,19112.29,4.24,0.97
5271,35,102.25,2018-04-22,Home_Appliances,No,NULL,NULL,NULL
7125,53,50.97,2019-11-10,Home_Appliances,Yes,NULL,NULL,NULL
2679,51,160.36,2020-10-24,Electronics,Yes,17830.90,1.10,1.05
5051,35,152.48,2018-03-11,Laptops,No,16311.93,3.96,0.91
3487,95,121.76,2018-07-15,Laptops,Yes,NULL,NULL,NULL
7965,96,14.45,2020-11-15,SmartPhones,No,17026.67,2.06,1.06
8723,38,91.61,2020-02-11,Home_Appliances,No,NULL,NULL,NULL
9736,32,82.66,2020-11-03,Laptops,No,24514.57,4.05,1.09
8409,74,195.29,2019-04-04,Laptops,Yes,NULL,NULL,NULL
6089,19,163.84,2019-11-12,Electronics,Yes,20608.85,1.83,1.18
5095,19,86.61,2018-06-21,Laptops,Yes,NULL,NULL,NULL
6535,20,16.94,2022-09-05,Laptops,Yes,NULL,NULL,NULL
9007,64,69.47,2021-01-22,Home_Appliances,No,19613.72,2.93,1.02
2334,55,142.86,2018-08-04,Laptops,Yes,NULL,NULL,NULL
3722,57,175.25,2019-02-09,Electronics,Yes,23855.03,2.98,1.05
9594,18,152.31,2020-09-24,Laptops,No,15092.59,1.47,1.20
5441,42,126.87,2020-12-06,SmartPhones,Yes,16415.18,3.09,0.88
7082,78,57.74,2020-11-29,Laptops,Yes,24362.02,4.71,1.09
3217,68,145.87,2018-12-03,Laptops,Yes,18176.88,1.72,0.99
1091,90,45.66,2019-10-01,Electronics,No,18310.35,1.24,0.99
3563,45,130.91,2018-05-17,Home_Appliances,No,21288.22,4.71,0.91
7982,94,68.09,2021-04-11,Laptops,No,20611.12,3.57,0.88
3497,94,51.12,2018-07-30,Home_Appliances,No,NULL,NULL,NULL
7274,74,156.68,2019-11-08,SmartPhones,No,17093.07,1.01,0.89
4546,79,37.83,2018-07-07,Home_Appliances,No,NULL,NULL,NULL
1855,66,163.37,2018-10-08,Laptops,No,18270.89,3.00,0.85
7442,100,83.25,2020-02-12,Laptops,No,NULL,NULL,NULL
4504,82,168.38,2018-12-07,Home_Appliances,No,NULL,NULL,NULL
2970,56,133.90,2021-02-16,Home_Appliances,Yes,NULL,NULL,NULL
6668,55,50.62,2022-01-31,Home_Appliances,No,NULL,NULL,NULL
4208,47,109.94,2020-06-24,Electronics,No,18284.52,4.64,1.17
3898,17,25.74,2022-11-19,Electronics,Yes,19433.78,3.84,0.93
9914,25,134.47,2019-07-23,Electronics,No,NULL,NULL,NULL
3772,93,189.42,2021-04-16,Electronics,No,NULL,NULL,NULL
4161,98,105.29,2022-08-17,SmartPhones,Yes,16725.85,1.18,1.04
9281,23,130.71,2020-04-18,Electronics,No,17737.63,2.40,0.94
2410,60,26.75,2021-03-05,Electronics,Yes,NULL,NULL,NULL
1329,22,159.86,2022-04-20,Home_Appliances,No,NULL,NULL,NULL
6042,88,132.04,2022-09-11,Home_Appliances,Yes,NULL,NULL,NULL
5570,73,69.95,2018-10-15,Home_Appliances,Yes,17727.99,1.80,1.19
5249,57,60.26,2021-11-29,Laptops,No,NULL,NULL,NULL
8367,81,140.54,2022-08-26,Home_Appliances,Yes,24496.65,3.34,0.86
5406,66,156.95,2018-07-05,SmartPhones,Yes,19676.88,1.13,0.85
4054,18,98.78,2020-08-31,SmartPhones,No,20637.69,3.63,1.16
8126,52,99.98,2022-02-05,Home_Appliances,No,NULL,NULL,NULL
7572,6,194.45,2019-09-07,Home_Appliances,Yes,19209.86,4.10,1.18
6670,51,41.41,2020-07-28,Electronics,Yes,17004.07,1.69,0.92
8820,45,28.98,2018-11-23,Laptops,Yes,NULL,NULL,NULL
7956,51,111.48,2021-05-07,SmartPhones,No,NULL,NULL,NULL
4769,64,45.71,2018-10-10,Home_Appliances,No,19354.01,2.36,1.06
7524,67,168.50,2021-10-29,Laptops,Yes,NULL,NULL,NULL
7626,2,40.57,2022-07-04,Home_Appliances,No,21862.99,1.05,1.06
7581,99,20.36,2020-05-15,Laptops,No,NULL,NULL,NULL
8377,48,158.39,2020-10-25,SmartPhones,No,NULL,NULL,NULL
7282,87,25.20,2022-11-18,Electronics,No,24482.01,3.83,0.90
9436,79,148.25,2022-07-23,Laptops,No,15485.44,2.13,0.85
9021,47,19.51,2020-07-31,SmartPhones,No,19257.03,3.70,1.11
1385,35,43.96,2021-01-16,SmartPhones,No,15175.19,2.30,1.05
2829,94,16.96,2020-01-02,Laptops,Yes,NULL,NULL,NULL
9577,59,17.72,2021-03-11,SmartPhones,No,15382.87,3.44,1.09
2656,66,196.25,2020-02-22,Electronics,No,24274.41,4.00,0.97
1366,96,58.80,2019-01-12,Electronics,No,NULL,NULL,NULL
5967,66,112.44,2021-06-14,Home_Appliances,Yes,NULL,NULL,NULL
8158,96,140.88,2019-07-17,Home_Appliances,No,20015.63,1.18,0.96
3969,37,61.81,2021-10-20,Laptops,Yes,NULL,NULL,NULL
5375,77,160.15,2020-08-05,SmartPhones,Yes,NULL,NULL,NULL
2044,37,148.35,2021-06-06,Laptops,No,NULL,NULL,NULL
1205,44,70.73,2019-12-04,Laptops,Yes,19619.48,3.97,0.88
3785,50,58.58,2021-10-10,Electronics,Yes,NULL,NULL,NULL
4400,68,80.15,2022-03-12,SmartPhones,No,19514.99,2.87,0.86
3731,46,117.33,2021-07-02,Laptops,Yes,22513.88,2.14,1.10
4845,69,35.02,2020-02-08,Electronics,Yes,18957.50,1.85,0.84
5740,21,155.71,2019-01-01,Laptops,No,NULL,NULL,NULL
5569,99,79.00,2019-10-17,Electronics,No,20023.05,3.13,0.89
7618,97,98.14,2020-10-10,Laptops,Yes,NULL,NULL,NULL
9727,43,154.96,2022-08-27,Home_Appliances,Yes,NULL,NULL,NULL
7722,82,15.52,2019-01-22,Home_Appliances,Yes,21097.06,3.01,0.83
7697,42,125.86,2018-02-16,Home_Appliances,No,NULL,NULL,NULL
7378,66,174.05,2021-02-04,Home_Appliances,No,18690.64,4.50,0.87
4273,17,65.67,2019-10-23,Electronics,Yes,NULL,NULL,NULL
8268,23,194.83,2019-05-11,Electronics,No,NULL,NULL,NULL
2144,96,16.14,2018-01-15,Laptops,No,23621.69,1.28,0.97
5260,92,112.09,2022-12-15,Electronics,No,NULL,NULL,NULL
7527,93,156.06,2022-08-24,SmartPhones,No,NULL,NULL,NULL
8021,16,29.69,2022-06-01,SmartPhones,Yes,22219.94,2.47,1.06
9053,32,153.83,2022-03-22,SmartPhones,No,21891.94,2.32,0.98
6942,38,68.27,2022-01-01,Home_Appliances,No,19752.85,2.76,0.92
3106,78,65.54,2018-10-28,Laptops,No,21367.62,1.11,0.88
5963,75,12.29,2018-10-31,SmartPhones,No,19769.74,4.60,1.19
3553,65,69.72,2021-04-17,SmartPhones,No,NULL,NULL,NULL
4382,20,62.88,2019-04-05,Electronics,Yes,NULL,NULL,NULL
1199,96,170.69,2022-09-17,Home_Appliances,Yes,NULL,NULL,NULL
6398,9,61.58,2020-11-05,Electronics,Yes,19466.33,3.09,0.90
5546,96,46.10,2018-07-07,Electronics,Yes,NULL,NULL,NULL
8819,13,112.02,2020-08-08,Electronics,No,NULL,NULL,NULL
8240,61,47.51,2018-06-20,Home_Appliances,No,17999.61,1.04,0.97
2827,57,157.71,2022-01-14,Home_Appliances,No,24922.38,2.01,0.96
5435,81,43.54,2020-10-05,Laptops,No,24514.36,2.20,1.15
5079,36,138.79,2019-11-30,SmartPhones,No,16114.70,4.03,0.87
1106,66,99.40,2019-10-16,Home_Appliances,Yes,NULL,NULL,NULL
8261,82,140.52,2019-12-03,Home_Appliances,Yes,NULL,NULL,NULL
9221,41,155.62,2019-09-18,Laptops,Yes,NULL,NULL,NULL
9461,84,123.09,2020-08-28,Laptops,No,NULL,NULL,NULL
5974,19,68.18,2020-01-30,SmartPhones,No,19497.08,2.70,0.96
7390,91,102.54,2021-11-09,SmartPhones,No,NULL,NULL,NULL
9812,57,185.49,2020-01-27,Electronics,No,16342.85,4.00,0.93
7779,20,176.05,2022-08-16,SmartPhones,Yes,20618.36,2.75,0.93
9955,85,59.54,2022-04-12,SmartPhones,Yes,NULL,NULL,NULL
6143,47,181.97,2022-10-14,Laptops,Yes,16841.40,2.87,0.98
7730,51,163.15,2020-05-25,Electronics,Yes,24129.82,3.05,0.81
8163,65,175.89,2018-03-07,SmartPhones,No,NULL,NULL,NULL
2237,12,195.10,2021-03-03,Electronics,Yes,NULL,NULL,NULL
3493,43,23.87,2021-08-25,SmartPhones,No,20277.14,3.77,1.13
8084,3,86.28,2022-12-27,SmartPhones,Yes,NULL,NULL,NULL
6810,92,174.78,2022-12-08,Home_Appliances,Yes,NULL,NULL,NULL
1429,78,189.45,2020-12-28,Electronics,Yes,20400.76,4.82,0.93
6166,85,49.67,2019-04-17,SmartPhones,Yes,19242.84,2.08,1.17
4559,46,15.19,2022-05-01,Laptops,Yes,NULL,NULL,NULL
4417,7,94.89,2020-02-19,Laptops,Yes,17056.32,2.52,1.13
2521,65,183.52,2018-12-25,Electronics,Yes,NULL,NULL,NULL
6871,41,88.87,2022-03-16,Home_Appliances,Yes,NULL,NULL,NULL
2834,3,11.38,2020-07-24,Laptops,No,24615.69,1.40,0.94
6078,9,92.49,2022-09-10,SmartPhones,Yes,NULL,NULL,NULL
7384,61,13.01,2022-11-29,SmartPhones,No,15453.69,4.39,0.87
1151,67,39.59,2018-09-20,Laptops,Yes,15611.81,4.21,1.15
5801,80,88.83,2020-02-01,Home_Appliances,No,NULL,NULL,NULL
5344,42,15.41,2021-06-27,Electronics,No,NULL,NULL,NULL
3364,6,112.50,2020-04-14,Home_Appliances,Yes,NULL,NULL,NULL
7879,15,194.06,2018-05-16,Laptops,No,NULL,NULL,NULL
1011,61,99.20,2019-09-30,SmartPhones,Yes,18228.76,3.16,1.18
2579,64,152.26,2020-09-05,Home_Appliances,Yes,17193.11,1.52,1.18
3379,95,187.58,2021-04-01,Electronics,No,21318.80,4.18,1.19
1234,82,16.48,2018-10-20,Home_Appliances,Yes,18967.64,1.05,0.99
6634,81,175.21,2019-01-20,Laptops,No,NULL,NULL,NULL
8206,96,63.07,2018-08-30,SmartPhones,No,NULL,NULL,NULL
8984,71,96.70,2022-05-01,Electronics,No,NULL,NULL,NULL
7988,4,193.30,2021-08-08,Home_Appliances,Yes,NULL,NULL,NULL
9370,19,169.60,2019-02-04,Home_Appliances,Yes,16986.77,3.98,1.01
3486,68,109.76,2021-02-26,SmartPhones,Yes,21936.95,4.99,0.87
3600,88,41.47,2018-07-25,Home_Appliances,Yes,NULL,NULL,NULL
4312,7,192.22,2019-07-25,Laptops,No,18897.72,3.09,0.97
8807,42,35.86,2020-08-16,SmartPhones,Yes,15748.70,3.83,1.07
4420,79,122.86,2022-02-11,Electronics,Yes,22551.70,1.56,0.99
3625,32,84.34,2022-04-15,Home_Appliances,No,NULL,NULL,NULL
2155,36,36.68,2019-04-09,Laptops,Yes,NULL,NULL,NULL
6593,35,190.40,2022-11-28,Electronics,No,23379.77,2.02,1.05
7978,22,176.49,2021-04-13,Laptops,No,NULL,NULL,NULL
6940,86,103.96,2019-05-10,Laptops,No,15566.53,1.42,1.11
5519,82,106.49,2019-05-31,Laptops,No,NULL,NULL,NULL
8955,75,104.05,2019-05-13,Laptops,No,NULL,NULL,NULL
7157,67,175.37,2021-05-27,Laptops,Yes,NULL,NULL,NULL
2615,13,32.32,2021-03-24,Home_Appliances,No,20801.22,3.84,1.04
7752,4,148.52,2022-07-01,SmartPhones,No,NULL,NULL,NULL
5074,58,158.90,2019-07-21,SmartPhones,No,21991.04,3.54,1.11
9189,12,73.42,2022-10-21,Home_Appliances,No,NULL,NULL,NULL
7652,80,104.47,2019-10-03,Home_Appliances,No,17021.49,4.42,0.99
6521,57,180.20,2022-07-09,Home_Appliances,Yes,NULL,NULL,NULL
9292,83,116.49,2021-12-05,Home_Appliances,No,NULL,NULL,NULL
7629,34,37.70,2022-10-12,SmartPhones,No,NULL,NULL,NULL
5815,73,194.44,2021-06-10,SmartPhones,Yes,19425.36,1.16,1.02
5318,48,79.26,2020-06-02,Home_Appliances,No,NULL,NULL,NULL
6270,90,56.91,2022-10-28,Home_Appliances,Yes,NULL,NULL,NULL
4669,35,119.11,2020-08-10,Electronics,No,21188.06,2.99,0.97
3807,72,95.21,2018-02-15,Electronics,No,NULL,NULL,NULL
6806,93,62.46,2018-05-14,SmartPhones,Yes,NULL,NULL,NULL
7670,99,112.53,2018-10-23,SmartPhones,Yes,24708.89,1.21,1.10
2960,10,126.63,2022-05-06,Laptops,Yes,NULL,NULL,NULL
3938,24,15.60,2022-09-08,Laptops,Yes,NULL,NULL,NULL
7347,53,82.45,2022-07-07,Laptops,Yes,23472.66,1.73,0.92
2336,58,152.84,2019-11-27,SmartPhones,Yes,23793.01,1.24,1.02
7141,9,191.59,2022-10-26,Home_Appliances,No,NULL,NULL,NULL
3534,48,119.06,2021-05-13,Laptops,Yes,20073.29,4.26,0.98
1635,16,163.37,2021-01-05,SmartPhones,No,16077.75,3.73,1.04
7370,58,189.36,2022-05-25,Electronics,No,17462.22,1.57,1.18
9040,52,17.90,2019-01-21,Electronics,No,NULL,NULL,NULL
2618,67,27.28,2022-10-03,SmartPhones,No,NULL,NULL,NULL
3219,98,47.63,2020-07-06,Laptops,No,19351.39,1.33,0.81
2709,72,101.98,2019-10-21,Laptops,No,19976.15,4.15,0.91
1903,6,45.73,2020-12-16,Electronics,No,23920.93,3.99,1.03
3840,41,150.46,2021-08-05,Electronics,Yes,NULL,NULL,NULL
9810,88,176.00,2018-04-18,Home_Appliances,No,21811.33,1.18,0.89
8491,29,145.36,2019-01-16,Electronics,Yes,19952.75,3.28,1.05
1741,27,181.06,2020-02-21,Electronics,No,15047.39,1.96,1.13
5230,55,139.28,2022-12-12,SmartPhones,Yes,24402.73,3.61,1.17
7704,2,89.02,2021-11-14,Laptops,No,NULL,NULL,NULL
8998,77,11.98,2019-06-04,Laptops,Yes,NULL,NULL,NULL
4653,82,31.73,2018-05-25,Home_Appliances,No,15665.00,3.15,0.87
5202,92,186.82,2021-10-26,Laptops,No,20362.60,2.14,1.03
2777,16,85.03,2022-04-08,Home_Appliances,Yes,NULL,NULL,NULL
1584,62,30.78,2020-08-18,Home_Appliances,Yes,NULL,NULL,NULL
2104,56,126.91,2019-05-11,Laptops,Yes,NULL,NULL,NULL
9251,25,156.02,2022-04-20,SmartPhones,Yes,NULL,NULL,NULL
5109,45,97.79,2018-12-26,Electronics,No,18800.34,4.79,1.00
9659,72,40.61,2019-08-13,SmartPhones,Yes,NULL,NULL,NULL
1286,93,42.28,2021-06-20,SmartPhones,No,NULL,NULL,NULL
